Content,Url,relacionado,nome_imagem,status
"Portaozinho de prote√ßao vem com extensor 
Medidas 70cm de port√£o + 20cm de extensor.
Usado poucas vezes
Interessados chamar no whatsapp 18996432556
with a Photo: https://www.facebook.com/photo/?fbid=2497115800635324&set=gm.9609925705790224&idorvanity=833864336729782 ",https://www.facebook.com/groups/833864336729782/permalink/9609925705790224/,relacionado,492329437_1207967687858374_2243786171701960554_n.jpg,encontrado
"Quase foram atropelados  est√£o na bar√£o centro de pres prudente
with a Facebook Post: https://www.facebook.com/mitiko.yamamoto.142/posts/pfbid02NeNbVuZS5D4uPAjXr7oFsrJGD7Ao4i6gKFosrZn8UaQfNPQBubQF8BcR2KquT6qGl ‚Äúema *

",https://www.facebook.com/groups/833864336729782/permalink/9608255665957228/,relacionado,492448283_2210798469363248_8406569378479289089_n.jpg,encontrado
"Procura-se o Faisca , quem o viu ou acolheu, por favor entre em contato, desapareceu no bairro Jardim S√£o Lucas, pr√≥xima a escola Rozy brandao,
with a Facebook Post: https://www.facebook.com/groups/1411413429080945/permalink/3910140259208237/ ",https://www.facebook.com/groups/833864336729782/permalink/9609610135821781/,relacionado,492329437_1207967687858374_2243786171701960554_n.jpg,encontrado
"
with a Facebook Post: https://www.facebook.com/fatima.ventura.54/posts/pfbid02C2PZYmpdT4vUpEU5Hr3W78CDermWe14zJbWXhZpvPkt29mBjpNUGYm7yWmGxuCMl ",https://www.facebook.com/groups/833864336729782/permalink/9609395135843281/,relacionado,491620321_9509505672473570_4553075458868293166_n.jpg,encontrado
"
with a Facebook Post: https://www.facebook.com/groups/animaisperdidospp/permalink/9237089926396694/ ",https://www.facebook.com/groups/833864336729782/permalink/9600140260102102/,relacionado,492329437_1207967687858374_2243786171701960554_n.jpg,encontrado
"
with a Facebook Post: https://www.facebook.com/groups/animaisperdidospp/permalink/9204605119645175/ ",https://www.facebook.com/groups/833864336729782/permalink/9603062586476536/,relacionado,492417163_23894945410109744_5476764072746378410_n.jpg,encontrado
"Vamos ajudar a encontrar
with a Facebook Post: https://www.facebook.com/groups/animaisperdidospp/permalink/9224259377679749/ ",https://www.facebook.com/groups/833864336729782/permalink/9602600016522793/,relacionado,492329437_1207967687858374_2243786171701960554_n.jpg,encontrado
"
with a Facebook Post: https://www.facebook.com/mitiko.yamamoto.142/posts/pfbid02NeNbVuZS5D4uPAjXr7oFsrJGD7Ao4i6gKFosrZn8UaQfNPQBubQF8BcR2KquT6qGl ",https://www.facebook.com/groups/833864336729782/permalink/9608248445957950/,relacionado,492329437_1207967687858374_2243786171701960554_n.jpg,encontrado
"
with a Facebook Post: https://www.facebook.com/groups/animaisperdidospp/permalink/9248169195288767/ ",https://www.facebook.com/groups/833864336729782/permalink/9608836055899189/,relacionado,492372861_24201843669417547_8691893216804564687_n.jpg,encontrado
"
with a Facebook Post: https://www.facebook.com/groups/282544378488912/permalink/9515373735205884/ DESAPARECIDO DESDE AS 10:00 DA MANHA DO

DIA 22/04 , NO JARDIM NOVO BONGIOVANI,

NAO TEM COSTUME DE FICAR NA RUA, ATENDE

PELO NOME DE THEO. ATUALMENTE ESTA BEM
PELUDINHO.

CONTATO : (18)99705-2760

FALAR COM WINNYE

@winnyevsp

",https://www.facebook.com/groups/833864336729782/permalink/9608876089228519/,relacionado,492325897_9408842235904272_1470893157299057101_n.jpg,encontrado
"
with a Facebook Post: https://www.facebook.com/veralucia.cassiano/posts/pfbid037NTcieFVi14eTRL1sAgf6jEHQkEZdNM2y7FAuCXBLqgvdo2QryAfUjBtj1cfmFGRl ",https://www.facebook.com/groups/833864336729782/permalink/9608770509239077/,relacionado,492329437_1207967687858374_2243786171701960554_n.jpg,encontrado
"Vamos ajudar
with a Reel: https://www.facebook.com/reel/696706622752242 ",https://www.facebook.com/groups/833864336729782/permalink/9602151906567604/,relacionado,491641222_1150982640322968_4065408885135468687_n.jpg,encontrado
"
with a Facebook Post: https://www.facebook.com/groups/animaisperdidospp/permalink/9237089926396694/ ",https://www.facebook.com/groups/833864336729782/permalink/9597277197055075/,relacionado,491912948_1975101243017543_6090789694224437620_n.jpg,encontrado
"Nos liguem nos mandem mensagem no wtzp se achar q ele se puder nos mande uma foto nos ajudem trazer ele de volta pra casa 
(Toby pinsher marrom sumiu desde dia 10 quinta feira nas emediacoes do terceiro mil√™nio por√©m foi visto por volta das 18.30.em frente ao condom√≠nio bela vista do cobral cidade de Presidente Prudente )
18988219397 ",https://www.facebook.com/groups/833864336729782/permalink/9608005022648959/,relacionado,492329437_1207967687858374_2243786171701960554_n.jpg,encontrado
"
with a Facebook Post: https://www.facebook.com/groups/282544378488912/permalink/9514501358626455/ ",https://www.facebook.com/groups/833864336729782/permalink/9607762362673225/,relacionado,492898549_9486058871484971_2551848117889504502_n.jpg,encontrado
"
with a Facebook Post: https://www.facebook.com/groups/282544378488912/permalink/9514501358626455/ ",https://www.facebook.com/groups/833864336729782/permalink/9607740252675436/,relacionado,492898549_9486058871484971_2551848117889504502_n.jpg,encontrado
"
with a Facebook Post: https://www.facebook.com/groups/1509295342654810/permalink/4088008034783515/ ",https://www.facebook.com/groups/833864336729782/permalink/9607591409356987/,relacionado,492329437_1207967687858374_2243786171701960554_n.jpg,encontrado
"
with a Facebook Post: https://www.facebook.com/groups/animaisperdidospp/permalink/9246311432141210/ ",https://www.facebook.com/groups/833864336729782/permalink/9607547639361364/,relacionado,492240502_9525916760779515_1367979692888126107_n.jpg,encontrado
"Vamos ajudar a encontrar o Theo.Quem souber entrar em contato 18996209611.
with 3 Attachments: https://www.facebook.com/media/set/?set=pcb.9606787256104069&type=1 ",https://www.facebook.com/groups/833864336729782/permalink/9606787256104069/,relacionado,492329437_1207967687858374_2243786171701960554_n.jpg,desaparecido
"Vamos ajudar a encontrar tutor
with a Facebook Post: https://www.facebook.com/groups/animaisperdidospp/permalink/9246311432141210/ ",https://www.facebook.com/groups/833864336729782/permalink/9606789442770517/,relacionado,492240502_9525916760779515_1367979692888126107_n.jpg,encontrado
"
with a Facebook Post: https://www.facebook.com/groups/2043080775816013/permalink/7752608724863161/ ",https://www.facebook.com/groups/833864336729782/permalink/9606946979421430/,relacionado,492329437_1207967687858374_2243786171701960554_n.jpg,encontrado
"
with a Facebook Post: https://www.facebook.com/groups/209388335851663/permalink/7721485094641912/ Animais Perdidos Presidente P...

Edison Pereira da Silva - 2. 8
C&o perdido a espera do dono no antigo
matadouro em alvares machado.

",https://www.facebook.com/groups/833864336729782/permalink/9606667386116056/,relacionado,492744942_28966595089650546_1656164804351176979_n.jpg,encontrado
"Vamos ajudar
with a Facebook Post: https://www.facebook.com/groups/animaisperdidospp/permalink/9224259377679749/ ",https://www.facebook.com/groups/833864336729782/permalink/9606409306141864/,relacionado,492329437_1207967687858374_2243786171701960554_n.jpg,encontrado
"
with a Facebook Post: https://www.facebook.com/permalink.php?story_fbid=pfbid02LA7AFRCFY4wVpcPN2uamputXeKfVoEKR576xGFgBkmGC5G2Pbtv1v2YXyMSQyQBSl&id=100064662822600 ",https://www.facebook.com/groups/833864336729782/permalink/9606228586159936/,relacionado,492329437_1207967687858374_2243786171701960554_n.jpg,encontrado
"‚ùåREPASSANDO ADO√á√ÉO URGENTE‚ùå

Resgatada de uma ar√©a verde de dif√≠cil acesso.
Muito d√≥cil e amorosa.
Preciso achar um lar urgente, n√£o posso ficar com ela aqui em casa por muito tempo.
Filhote, menina e muito mansinha.
Contato: 18-98187-1750 Josiane
with 3 Attachments: https://www.facebook.com/media/set/?set=pcb.9583913025058159&type=1 ",https://www.facebook.com/groups/833864336729782/permalink/9583913025058159/,relacionado,492417163_23894945410109744_5476764072746378410_n.jpg,encontrado
"Ol√° meus amigos, Atualizando sobre o situa√ß√£o da cachorrinha atropela, Gra√ßas a Deus conseguimos salvar a vida dela, ela est√° ""bem"" infelizmente quebrou a pata em um lugar q n da nem para colocar pino, teve q passar por um ortopedista pra ver oq iria fazer, e a √∫nica forma dela voltar a andar perfeitamente e colocando 2 placas de 2500 reais cada, ela j√° est√° realmente bem j√° est√° l√° cl√≠nica a 3 dias, amanh√£ ou dps ir√° passar por essa cirurgia para colocar as 2 placas e dps estar√° perfeita para ir para um lar cheio de amor.
Como disse irei arcar com todas as despesas da cachorrinha, mas n√£o adianta nada eu fazer isso tudo e semana q vem ela n√£o ter para onde ir sabe? Estou fazendo tudo q est√° ao meu alcance, infelizmente ficar com ela eu n√£o consigo msm por ter outros v√°rios cachorros machos e nem castrados, iria acontecer talvez o pior, ent realmente pe√ßo ajuda para vcs poderem me ajudar a encontrar um lar para ela, ela j√° sofreu MT, t√° na hora de ser feliz, algu√©m pode ficar com ela?
F√™mea,d√≥cil,bem novinha,porte pequeno/m√©dio 
Fone Kevin 18 996700306
Thamires 18 997252937
with 5 Attachments: https://www.facebook.com/media/set/?set=pcb.9249018801870473&type=1 ",https://www.facebook.com/groups/animaisperdidospp/permalink/9249018801870473/,relacionado,492913114_1785206392412548_4915048015964913099_n.jpg,encontrado
"Ainda estou procurando minha cachorrinha. Me mudei de cidade mas se souber onde ela est√° vou buscar, ela idosa tem 13 anos.
with a Photo: https://www.facebook.com/photo/?fbid=681912627619733&set=gm.9248639595241727&idorvanity=1210458675726566 Si aa 2

ee ae
PROCURA-SE

no Jardim Eldorado: Ela se.

‚Äòchama Teka, tem porte,
Ye pequeno, ja√©bem >
idosinha eesta ceguinha‚Äô.
ide um dos olhos:

18|99729297/70

\
",https://www.facebook.com/groups/animaisperdidospp/permalink/9248639595241727/,relacionado,492080645_681912630953066_1786843817663598768_n.jpg,encontrado
"
with a Facebook Post: https://www.facebook.com/groups/animaisperdidospp/permalink/9190501274388893/ ",https://www.facebook.com/groups/animaisperdidospp/permalink/9249444438494576/,relacionado,492417163_23894945410109744_5476764072746378410_n.jpg,encontrado
"
with a Facebook Post: https://www.facebook.com/groups/306667294316069/permalink/1234449751537814/ ",https://www.facebook.com/groups/animaisperdidospp/permalink/9249365548502465/,relacionado,492372861_24201843669417547_8691893216804564687_n.jpg,encontrado
"Esses cachorros  apareceu  na oficina um tem coleira outro nao
 Casal
Ajudem encontrar dono 
18997891087
with 2 Attachments: https://www.facebook.com/media/set/?set=pcb.9247968265308860&type=1 ",https://www.facebook.com/groups/animaisperdidospp/permalink/9247968265308860/,relacionado,493016885_1427218161989204_3521203522983599894_n.jpg,encontrado
"Este cachorro est√° aparentemente perdido üêæ 
Faz dois dias que est√° aqui andando em volta de casa.. üêï
with 4 Attachments: https://www.facebook.com/media/set/?set=pcb.9248169195288767&type=1 ",https://www.facebook.com/groups/animaisperdidospp/permalink/9248169195288767/,relacionado,492372861_24201843669417547_8691893216804564687_n.jpg,encontrado
"Ela se chama por Lili se algu√©m tiver not√≠cia por favor me chama do direct
with a Photo: https://www.facebook.com/photo/?fbid=9330135353779168&set=gm.9198079180297769&idorvanity=1210458675726566 ",https://www.facebook.com/groups/animaisperdidospp/permalink/9198079180297769/,relacionado,490024512_9330135357112501_7180125544922713417_n.jpg,encontrado
"AJUDEM A DENUNCIAR, JA FORAM FEITAS DEN√öNCIAS, SEM RESPOSTA!
ELE √â IDOSO
SE CO√áA MUITO, DEVIDO AOS PELOS ESTAREM EMBOLADOS!
PODE ESTAR COM FUNGOS OU SARNA.

CONTINUA NA MESMA SITUA√á√ÉO 
HJ DE MANH√É, TOMANDO CHUVA!

‚ùåÔ∏èURGENTE ‚ùåÔ∏è
COMPARTILHEM!
Est√° na chuva, tem dono!!!

ESSE CACHORRO, NESSA SITUA√á√ÉO, PARECE Q ESTA COM DOR NAS PATAS TRASEIRAS. 

TEM DONO, QUE TEM CAES DE RA√áA NO QUINTAL ( BEM CUIDADOS)!
MAS ESSE VIVE NESSA SITUA√á√ÉO, NEM UMA TOSA O DONO MANDA FAZER ( TEM PET NO BAIRRO).

RUA PROFESSOR BOLANGER, VILA REAL.

E PARA QUEM FALAR EM DENUNCIA, LIGUE NA AMBIENTAL. 
POR QUE, JA LIGUEI EM UM CASO PARECIDO E A RESPOSTA FOI, QUE NAO PODEM FAZER NADA, NEM NOTIFICAR OS DONOS!!!
with 4 Attachments: https://www.facebook.com/media/set/?set=pcb.9102746643164357&type=1 ",https://www.facebook.com/groups/animaisperdidospp/permalink/9102746643164357/,relacionado,492417163_23894945410109744_5476764072746378410_n.jpg,encontrado
"
with a Facebook Post: https://www.facebook.com/groups/282544378488912/permalink/9515373735205884/ DESAPARECIDO DESDE AS 10:00 DA MANHA DO

DIA 22/04 , NO JARDIM NOVO BONGIOVANI,

NAO TEM COSTUME DE FICAR NA RUA, ATENDE

PELO NOME DE THEO. ATUALMENTE ESTA BEM
PELUDINHO.

CONTATO : (18)99705-2760

FALAR COM WINNYE

@winnyevsp

",https://www.facebook.com/groups/animaisperdidospp/permalink/9248583518580668/,relacionado,492325897_9408842235904272_1470893157299057101_n.jpg,encontrado
"
with a Facebook Post: https://www.facebook.com/adriana.aaddrriiaannaa/posts/pfbid0LKVxe512osD4H1dBMhrVtqcFwS4Mg8hrLd3g5xos28QWiJHRVPbhtknfX7i4cr5Wl ",https://www.facebook.com/groups/animaisperdidospp/permalink/9249046811867672/,relacionado,492417163_23894945410109744_5476764072746378410_n.jpg,encontrado
"Pessoal a Luna foi ENCONTRADA nessa manh√£, agrade√ßo a todos que ajudaram com os compartilhamentos ‚ù§Ô∏è‚Äçü©πüôå
with a Photo: https://www.facebook.com/photo/?fbid=2545903045612551&set=gm.9247397952032558&idorvanity=1210458675726566 ",https://www.facebook.com/groups/animaisperdidospp/permalink/9247397952032558/,relacionado,492417163_23894945410109744_5476764072746378410_n.jpg,encontrado
"Gente essa pooldolmeu genro achou na Dijalma Dutra est√° em minha casa estamos a procura do dono.
with a Photo: https://www.facebook.com/photo/?fbid=3557557774549931&set=gm.9240417966063890&idorvanity=1210458675726566 ",https://www.facebook.com/groups/animaisperdidospp/permalink/9240417966063890/,relacionado,492417163_23894945410109744_5476764072746378410_n.jpg,encontrado
"PEDIDO DE AJUDA URGENTE!

Esse gatinho foi atropelado e estava se arrastando pela Avenida Ana Jacinta. Uma moradora, com muito carinho, o recolheu e colocou dentro de casa para proteg√™-lo dos cachorros.

Agora ele precisa de ajuda urgente para ser levado ao veterin√°rio! A situa√ß√£o √© delicada e ele n√£o pode esperar.

Se voc√™ pode ajudar com transporte, atendimento ou qualquer contribui√ß√£o, entre em contato o quanto antes:

(18) 99129-8507

Vamos juntos salvar essa vidinha!
with 3 Attachments: https://www.facebook.com/media/set/?set=pcb.9223234174448936&type=1 ",https://www.facebook.com/groups/animaisperdidospp/permalink/9223234174448936/,relacionado,491933000_28924083937234995_8785593210526218053_n.jpg,encontrado
"Ajudem achar a Suzi por favor!
Gatinha branca desaparecida no Jardim Vista Bonita (Res. Jos√© Rena), muito d√≥cil, se algu√©m encontrou ou pegou por favor devolver, √© a gatinha da nossa fam√≠lia. Atende por Suzi

(18)99738-7283 Millena
with 4 Attachments: https://www.facebook.com/media/set/?set=pcb.9240918539347166&type=1 ",https://www.facebook.com/groups/animaisperdidospp/permalink/9240918539347166/,relacionado,492417163_23894945410109744_5476764072746378410_n.jpg,encontrado
"
with a Facebook Post: https://www.facebook.com/groups/2043080775816013/permalink/7753817464742287/ ",https://www.facebook.com/groups/animaisperdidospp/permalink/9247679998671020/,relacionado,492417163_23894945410109744_5476764072746378410_n.jpg,encontrado
"Cachorros em estados deplor√°vel pra um animal viver algu√©m pode dar lar tempor√°rio ou ao menos levar comida pra eles ? O endere√ßo t√° na postagem original
with a Facebook Post: https://www.facebook.com/amigobichoprudente/posts/pfbid02EoQNjbLLV8vUcqD561asPo9dtUHydAD9YnQ1aYthB6YKKk3wUQev3NTzBRRXt18nl ",https://www.facebook.com/groups/animaisperdidospp/permalink/9248607991911554/,relacionado,490901478_17917206690093990_6638375633945150670_n.jpg,encontrado
"
with a Facebook Post: https://www.facebook.com/groups/animaisperdidospp/permalink/9248169195288767/ ",https://www.facebook.com/groups/animaisperdidospp/permalink/9248544445251242/,relacionado,492372861_24201843669417547_8691893216804564687_n.jpg,encontrado
"Ainda estou a procura do meu companheiro como estamos sofrendo com aus√™ncia dele nosso outro pet est√° ficando doente por causa dele acho que est√° entrando em depress√£o tem orado se algu√©m estiver com ele n√≥s devolva darei uma boa recompensa volta Toby para casa üò≠üò≠üò≠üò≠üò≠
with a Facebook Post: https://www.facebook.com/groups/animaisperdidospp/permalink/9183441785094842/ ",https://www.facebook.com/groups/animaisperdidospp/permalink/9243609769078043/,relacionado,490143203_9649148811866184_1700419488632607582_n.jpg,encontrado
"C√£o perdido a espera do dono no antigo matadouro em alvares machado.
with a Photo: https://www.facebook.com/photo/?fbid=9525916344112890&set=gm.9246311432141210&idorvanity=1210458675726566 ",https://www.facebook.com/groups/animaisperdidospp/permalink/9246311432141210/,relacionado,492240502_9525916760779515_1367979692888126107_n.jpg,encontrado
"Este cachorro est√° na Upa Guanabara. Est√° com a pata quebrada, n√£o consegue andar. Algu√©m consegue ajudar?
with a Photo: https://www.facebook.com/photo/?fbid=9486065874817604&set=gm.9247493592022994&idorvanity=1210458675726566 ",https://www.facebook.com/groups/animaisperdidospp/permalink/9247493592022994/,relacionado,492675833_9486065878150937_3516092080594331740_n.jpg,encontrado
"
with a Facebook Post: https://www.facebook.com/groups/306667294316069/permalink/1234327121550077/ ",https://www.facebook.com/groups/animaisperdidospp/permalink/9248272545278432/,relacionado,492417163_23894945410109744_5476764072746378410_n.jpg,encontrado
"
with a Facebook Post: https://www.facebook.com/idalinaleonor.marradesouza/posts/pfbid0s5tBQzLTm2xfip1QFA9hPgB1XFLdh28c56k3ntVB56ets8jbw7UZE3EvyLd4mnaQl ",https://www.facebook.com/groups/animaisperdidospp/permalink/9242511079187912/,relacionado,492044691_1860560968120838_5687518994692020224_n.jpg,encontrado
"‚ùåURGENTE!! üÜò 
‚Äúm√£ezinha e 6 beb√™s que pelo jeito est√£o abandonados nessa rua PAQUETA 67 JD Guanabara.
Est√£o pele osso e sarna.
s√£o 6 beb√™s em situa√ß√£o crueldade do abandono desde j√° agrade√ßo postar e a √∫nica sorte deles.desde j√° gratid√£o‚Äù
@ludoneda
with 2 Attachments: https://www.facebook.com/amigobichoprudente/posts/pfbid02EoQNjbLLV8vUcqD561asPo9dtUHydAD9YnQ1aYthB6YKKk3wUQev3NTzBRRXt18nl ",https://www.facebook.com/amigobichoprudente/posts/pfbid02EoQNjbLLV8vUcqD561asPo9dtUHydAD9YnQ1aYthB6YKKk3wUQev3NTzBRRXt18nl,relacionado,490901478_17917206690093990_6638375633945150670_n.jpg,encontrado
"
with a Facebook Post: https://www.facebook.com/jucaskiter/posts/pfbid02B45LxHQq2ho1Vpq8rT2bqdbL33dFGjXNcGxB38Pfi5KeqCWnqjwZz5JzgZpBQdwal ",https://www.facebook.com/amigobichoprudente/posts/pfbid0m8fqobFy2QyudgEq9D3cKDUg8rfRKuDsn8kP1Eq9qdnsJGw4738owt9V9pDdtkFPl,relacionado,491684592_3437870823011492_8836072655854072124_n.jpg,encontrado
"‚ùåquem perdeu?
( sem informa√ß√µes se foi resgatado )
with a Photo: https://www.facebook.com/photo/?fbid=1081812640639317&set=a.556096126544307 Lucas Marques - 1h: @
Cachorro aparentemente perdido nas ruas
do Jardim Maracana, tem coleira, mas sem
identificagao, parece um shitzu, esta
andando na rua maria madalena
mazzucheli caravina, proximo ao mercado
valente 3

",https://www.facebook.com/amigobichoprudente/posts/pfbid02jg2mE4oNGVcW5wX5NaEhExHGxDoykZEy3PeiA6Y2v4uwBmowuwmdszpKe6zc4Ug5l,relacionado,491533217_17916977655093990_570484308166962360_n.jpg,encontrado
"‚ùåProcura-se THEO!
Cachorro fugiu pelas redondezas do Parque dos girass√≥is.
‚òéÔ∏è18996260701
with a Photo: https://www.facebook.com/photo/?fbid=1081805223973392&set=a.556096126544307 ",https://www.facebook.com/amigobichoprudente/posts/pfbid0gXDRKFuuSqNTeW7PPNaiLuziptBvT6BYdeomUYQ9B6qxu6kwBtFsqGYaBfqTu6jZl,relacionado,491897243_17916976935093990_7953627189916999490_n.jpg,encontrado
"
with a Facebook Post: https://www.facebook.com/pastoraldosanimais/posts/pfbid0UDrWqRz3LY4YXkLNLeX8B8qD6WGo2WTMLQimE7uenRdK6TeDcQhbc9TwnUiCLEfgl",https://www.facebook.com/amigobichoprudente/posts/pfbid02Cr3VPDvGqgDDVqWbn3rEVbd3P1kZDXnXEGZESwGDQirYuu5z4YxNhFxN4KwFvLTcl,relacionado,491453870_18275634253251971_4833270553806299842_n.webp,encontrado
"
with a Facebook Post: https://www.facebook.com/groups/1411413429080945/permalink/3905079863047610/ ",https://www.facebook.com/amigobichoprudente/posts/pfbid02wi4gcffyc9ySsM4GpWy21oK8p2jQL6xaKHwVcH3G2CXHA72B1ECEeRrsiSi2xsMl,relacionado,490405316_1933206740817793_2232199991078828007_n.jpg,encontrado
"
with a Facebook Post: https://www.facebook.com/groups/animaisperdidospp/permalink/9201527909952896/ ",https://www.facebook.com/amigobichoprudente/posts/pfbid0zvdkr8h7LGXBjrSYruF3q5n586CvEN4vUTHjmBcXNeux5eM1ZHJPtUFPupus4QR7l,relacionado,491911529_9085269751577299_7445874928534932352_n.jpg,encontrado
"
with a Facebook Post: https://www.facebook.com/uvzpresprudente/posts/pfbid03tRU2v9fFQu2EQQ8vsdA5vidj3ryEo4ZfoqwfUNcrmmQggr2ziSXywHpup293Gfgl ",https://www.facebook.com/amigobichoprudente/posts/pfbid02mFYrtNYhvKCwuyBfvGKnHcckVvnMMEBvKH1ZGrpwqGf4eEVVPjXHUMdxBuGJMpQQl,relacionado,491433363_18031409381638254_5795553126587296696_n.jpg,encontrado
"S√£o muitos nas ruas e n√£o tem lar para todos. Castrar √© a melhor op√ß√£o! üòª

Doe bons produtos para nosso Bazar ou qualquer valor no pix amigobichopp@gmail.com

Agradecemos @carrion_vet ‚ù§Ô∏è

#castrar√©umatodeamor 
#castrarsalvavidas 
#amigobichopp
with a Photo: https://www.facebook.com/photo/?fbid=1077122991108282&set=a.556096126544307 ",https://www.facebook.com/amigobichoprudente/posts/pfbid032BobrhTwueSfetKrJbSWvAADsQwT6uo6Yr4BJ9ZzN6exCyh88szLw595ShZYheC2l,relacionado,490186905_17916358056093990_8023099583288610335_n.jpg,encontrado
"‚ùåQuem perdeu??
with a Photo: https://www.facebook.com/photo/?fbid=1074769188010329&set=a.556096126544307 Encontrada pr√©ximo ao forum.
Contato 18 997919044

Cad√© o dono?!
proximo ao forum.
Contato
18 997919044

",https://www.facebook.com/amigobichoprudente/posts/pfbid0nNkQTMPDkNYFKPk33zULAzJqFrbZTG5HpCC5B9uqY6fQj6f2dyDwRx4veLXy1Jrsl,relacionado,490444531_17916040797093990_3606123040095545317_n.jpg,encontrado
"
with a Facebook Post: https://www.facebook.com/groups/animaisperdidospp/permalink/9165383430234011/ ",https://www.facebook.com/amigobichoprudente/posts/pfbid028831vjHjZW2vSVvpALqBK2ZArhnHwgyejvUeXDht6kRdh8Mth63crzm38zugoGVJl,relacionado,489963864_1194872978713975_2315633728612784937_n.jpg,encontrado
"
with a Facebook Post: https://www.facebook.com/dengoso.prudente/posts/pfbid02wYVVrvHiYdjdxtHGTiqPCmZs8HiU4cTFLkE3RzX7BKQCmez55ZkmWa6QXuF2Gp9cl ",https://www.facebook.com/amigobichoprudente/posts/pfbid02fNNp8mUa1hk1VwccWK1zitefesJStWLpuq3CTdoxrsZsVXMiFJxtaEXHvfDh6xf9l,relacionado,490401387_9428028107318146_148061165010045869_n.jpg,encontrado
"‚ÄúPessoal, esse aqui √© meu gatinho Sherlock, ele saiu de casa e ainda n√£o voltou, nos mudamos recentemente para cidade, ou seja ele n√£o conhece nada por aqui e nunca foi de sair de casa...
Ele √© macho, castrado e tem  microchip, estou igual doida procurando na rua e chamando ele, mas ele ainda n√£o apareceu. Se encontrar ele, por favor me manda mensagem, meus animais s√£o minha fam√≠lia 
Moro no Jardim Monte Alto, na Alexandre Fernandes, Presidente Prudente - SP 
Se puderem me ajudar, agrade√ßo Watts: 13 996527939 ( meu ddd √© 13 mesmo, mudei recentemente e ainda n√£o alterei para 18)‚Äù
with a Photo: https://www.facebook.com/photo/?fbid=1074646694689245&set=a.556096126544307 ",https://www.facebook.com/amigobichoprudente/posts/pfbid09yPahB6MaUYHhCG8xQF6axwGH6aAWFv1vmnPQi2LMDfeK72kjgHbef3YprKxhFcXl,relacionado,489650877_17916022869093990_1854702577157289979_n.jpg,encontrado
"Adote por amor e com RESPONSABILIDADE! üíô
Esse cachorro lindo est√° dispon√≠vel para ado√ß√£o respons√°vel. Castrado, vacinado e vermifugado, ele √© d√≥cil, carinhoso e adora brincar. 
‚òéÔ∏èAlexandra 99700-0044.
with a Photo: https://www.facebook.com/photo/?fbid=1074611084692806&set=a.556096126544307 ",https://www.facebook.com/amigobichoprudente/posts/pfbid02S4b9HkQP4jYatEe8wwZKXHU5dEWf2eyU3J6zeatyKacSDMKTi5gdaiRCsww28e2Bl,relacionado,489430073_17916017673093990_5393702327206300185_n.jpg,encontrado
"
with a Facebook Post: https://www.facebook.com/gislaine.martins.927/posts/pfbid0rtJnGjyTC5VX9nHtPug9NKQR2gNofYqxvZB8bzTgLhM7TPC3bQt45dFr3hWs9HcDl ",https://www.facebook.com/amigobichoprudente/posts/pfbid02UAaRt8Se41ErUCByaJcLwer7x42YntgUu4FkLdnkYTCVLjECNbo8nb8sW3rweN1Bl,relacionado,487422552_9878826725461279_2466155155020569701_n.jpg,encontrado
"Ado√ß√£o respons√°vel:
 
M√£ezinha e cinco filhotes machos para ado√ß√£o respons√°vel!

Contato:  18 99809-7519 D√©bora
with 7 Attachments: https://www.facebook.com/pastoraldosanimais/posts/pfbid0xPRFPhfp3tqGvbpJcizM3AduF8MQaXANVR2zgh5RMeErSad3o331vY2q9c85BKe8l",https://www.facebook.com/pastoraldosanimais/posts/pfbid0xPRFPhfp3tqGvbpJcizM3AduF8MQaXANVR2zgh5RMeErSad3o331vY2q9c85BKe8l,relacionado,491462530_18276131629251971_1206923170161682265_n.webp,encontrado
"A P√°scoa √© tempo de renova√ß√£o, amor e esperan√ßa.
√â quando celebramos a vida e a ressurrei√ß√£o, lembrando-nos do verdadeiro sentido deste tempo t√£o especial.

Mas tamb√©m √© tempo de cuidado com quem n√£o pode falar: os nossos animais.
O chocolate, t√£o presente nas celebra√ß√µes humanas, pode ser extremamente t√≥xico para eles.

Nesta P√°scoa, espalhe carinho, mas com responsabilidade.
Proteja, ame e respeite todas as formas de vida.

Com carinho,
Pastoral dos Animais
üê∞üôèüèªüê∞üôèüèªü©∑
with a Photo: https://www.facebook.com/photo/?fbid=666201229451039&set=a.140997258638108 4
feliz√©

Que a alegria da ressurreicao de cristo
esteja emjseu coragao hoje e sempre!

E lembre-se, nada de oferecer
‚Äòdocinho para os seus pets!
",https://www.facebook.com/pastoraldosanimais/posts/pfbid02p4Gmq7ToMJxnmN36rWgPMqmyzA7G4sDtddrPNCfMtcUoCRM4qr9SY47GouR5RtzLl,relacionado,490899751_18275995735251971_2977006785713079084_n.jpg,encontrado
"Ado√ß√£o respons√°vel:

""Mais um caso de cortar o cora√ß√£o !!!
Esse gatinho ficava na pra√ßa da coronel Albino sendo cuidado pelos moradores , eu fiz uma postagem e uma senhor veio e adotou ele , e agora ele apareceu aqui depois de um m√™s 10 vezes mais debilitado e magro !!!
O MESMO QUE ADOTOU DISSE QUE TROUXE DE VOLTA PRA PRA√áA PQ ELE TAVA MELHOR AQUI ! Eu desisto do ser humanoüòî
Olha a situa√ß√£o, ele mal anda !! 
O QUE HOUVE ? Ele tinha sido adotado e do nada est√° aqui nessa situa√ß√£o!! E o que eu fa√ßo? Ele novamente veio morar nas ruas."" 

Contato: 18 988202635

Adote com responsabilidade!
with 4 Attachments: https://www.facebook.com/pastoraldosanimais/posts/pfbid0UDrWqRz3LY4YXkLNLeX8B8qD6WGo2WTMLQimE7uenRdK6TeDcQhbc9TwnUiCLEfgl",https://www.facebook.com/pastoraldosanimais/posts/pfbid0UDrWqRz3LY4YXkLNLeX8B8qD6WGo2WTMLQimE7uenRdK6TeDcQhbc9TwnUiCLEfgl,relacionado,491453870_18275634253251971_4833270553806299842_n.webp,encontrado
"Procura -se animal desaparecido.

Informa√ß√µes e contato na foto da postagem.
with a Photo: https://www.facebook.com/photo/?fbid=663452559725906&set=a.140997258638108",https://www.facebook.com/pastoraldosanimais/posts/pfbid05FpSmVUv1hhNDLzTy5JzN7cNHY4LX8CXy1o3JNUk1PskGUhoQNWNsfR7kFaSZ4Wgl,relacionado,491464541_18275633623251971_7080879907551263807_n.webp,encontrado
"Oi√™, humano! üß°
Meu nome √© Tina e t√¥ prontinha pra fazer parte da sua vida!
Tenho mais ou menos 6 meses, j√° sou castrada, tenho chip e meu cora√ß√£o √© s√≥ amor!
Adoro um carinho, correr por a√≠ e me jogar no seu colo como se j√° fosse minha tutora de nascen√ßa! üêæüíï

T√¥ na Petz Presidente Prudente-SP, esperando por voc√™ com o rabinho abanando!
Me d√° uma chance de te fazer feliz? ü•∞
with a Photo: https://www.facebook.com/photo/?fbid=663215139749648&set=a.140997258638108",https://www.facebook.com/pastoraldosanimais/posts/pfbid02gZHi7tMTeytTwDXuBZyHYDq2F4t1FGSELGbapba93jWVzpwWhP1fQvMNvJtNSSHrl,relacionado,489851851_18275605180251971_4747649077148951967_n.webp,encontrado
"Esse lindinho da foto √© o Pipoca, um macho com cerca de 8 meses, castrado, e com um cora√ß√£o que transborda do√ßura e carinho. üíõ

Ele ama um colinho, caminhas aconchegantes e sof√°s bem fofinhos üõãÔ∏è. Pipoca √© um verdadeiro amor: se d√° super bem com c√£es e gatos, e s√≥ quer uma fam√≠lia pra chamar de sua. üêæ

üìç Est√° esperando por voc√™ na Petz Presidente Prudente - SP.

Se voc√™ sonha com um companheiro leal e carinhoso, o Pipoca pode ser o seu match perfeito! üíò

üì≤ Compartilhe e nos ajude a encontrar um lar cheio de amor pra ele.

#Adote #Ado√ß√£oRespons√°vel #MeAdota #CachorroParaAdo√ß√£o #PresidentePrudente #Petz #PastoralDosAnimais #AmorQueLate #AdoteUmAmigo
with 6 Attachments: https://www.facebook.com/pastoraldosanimais/posts/pfbid02ygzUFxgntSr3Pe2MXvVDkH7vpHt3ej8Yuvz3yoQfQFrT4vJ4AtM8kVH22Er71mMCl",https://www.facebook.com/pastoraldosanimais/posts/pfbid02ygzUFxgntSr3Pe2MXvVDkH7vpHt3ej8Yuvz3yoQfQFrT4vJ4AtM8kVH22Er71mMCl,relacionado,491374981_18275390500251971_9065439019210019310_n.webp,encontrado
"Procura -se tutor ou ado√ß√£o respons√°vel/lar tempor√°rio:

""Oii! Boa noite. Encontrei uma cachorrinha perdida pr√≥ximo ao f√≥rum. Ela est√° comigo, por√©m n√£o consigo ficar por muito tempo porque tenho um cachorro de porte grande e idoso. Ser√° que voc√™ pode me ajudar a divulgar, por favor?
Se algu√©m puder ser lar tempor√°rio, eu agrade√ßo! 
Contato: 18 99791-9044""

Obs : n√£o √© chipada.
with 3 Attachments: https://www.facebook.com/pastoraldosanimais/posts/pfbid02eBaJQKdeyvgpCvZZXVv16GRZu2nbNZ7h5egLpAWJiXRKJXBXMpSNc6xbf3xMVs28l",https://www.facebook.com/pastoraldosanimais/posts/pfbid02eBaJQKdeyvgpCvZZXVv16GRZu2nbNZ7h5egLpAWJiXRKJXBXMpSNc6xbf3xMVs28l,relacionado,491466835_18275300284251971_6852643039915570649_n.webp,encontrado
"Ado√ß√£o respons√°vel:

""Amigos preciso muito da ajuda de voc√™s! Compartilhem! üö® 

Esse doguinho foi abandonado pela fam√≠lia, se mudaram e deixaram ele pra tr√°s. ü•∫
Ele est√° sendo alimentado pela vizinha. 
Ele muito amoroso ü•∞‚ú®
e precisa de doador ‚ÄºÔ∏è 

Est√° no bairro Jo√£o Domingos üìç

Mais informa√ß√µes Karol (18) 98814-8142""
with 5 Attachments: https://www.facebook.com/pastoraldosanimais/posts/pfbid02PwwrQ9qUWHfHPUpPhQzPzy7Rz7dG9PZdwEpPkD5wQrDda2MWA6bxRZXvGZEjWpYZl",https://www.facebook.com/pastoraldosanimais/posts/pfbid02PwwrQ9qUWHfHPUpPhQzPzy7Rz7dG9PZdwEpPkD5wQrDda2MWA6bxRZXvGZEjWpYZl,relacionado,491031920_18275294116251971_8137298087706063556_n.webp,encontrado
"Ado√ß√£o respons√°vel: 

Duas f√™meas tricolores e um machinho amarelinho para ado√ß√£o respons√°vel.

Contato: 18 99757-2320 Regina
with 4 Attachments: https://www.facebook.com/pastoraldosanimais/posts/pfbid02HEPowEhP1Yor3c1XSk75vNV7b1Y3edg444FgCWjae1h1G2hT5fL8rgHZWPuQhQ7Jl",https://www.facebook.com/pastoraldosanimais/posts/pfbid02HEPowEhP1Yor3c1XSk75vNV7b1Y3edg444FgCWjae1h1G2hT5fL8rgHZWPuQhQ7Jl,relacionado,489409848_18275182750251971_2861812771144049397_n.webp,encontrado
"üê∂üíõ O nosso querido C√£opista precisa de voc√™!

A Comunidade da Par√≥quia Nossa Senhora do Carmo se une em ora√ß√£o e a√ß√£o por ele. Nosso aumiguinho est√° internado e precisa de 30 dias de tratamento, medica√ß√µes e cirurgia, com um custo especial de R$ 3.000,00.

‚ú® Com a generosidade da Dra. Mariana e do Dr. Th√©rcio, j√° demos o primeiro passo. Agora contamos com a sua doa√ß√£o, de qualquer valor, para garantir o cuidado completo do nosso amigo de quatro patas.

üìå Chave Pix: 18 99629-1049
üîπ (L√≠gia Ricci Martins Olivete ‚Äì Coordena√ß√£o da Pastoral dos Agentes Protetores de Animais)

üôè Que Deus aben√ßoe imensamente cada um que puder ajudar!
Juntos, salvamos vidas.

#AjudemOC√£opista #CuraComAmor #DoeComCora√ß√£o #PastoralDosAnimais
with a Photo: https://www.facebook.com/photo/?fbid=658515466886282&set=a.140997258638108",https://www.facebook.com/pastoraldosanimais/posts/pfbid0tbuZPaHusGd9kafHYoxgrzfuppSgDsH7c9wpqo688cbUvqNpJNTWQQ51qYAxeiP6l,relacionado,488664215_18275013931251971_1205369754899304355_n.webp,encontrado
"Procura -se o tutor:

""Boa tarde! Um cliente achou essa gatinha na Avenida Brasil pr√≥ximo a rodovi√°ria, ela estava com uma coleira roxa, sofreu um acidente e ela teva que passar por cirurgia! Estamos a procura do dono üôèüêæüíú""

Contato: 18 99666-8672
with a Photo: https://www.facebook.com/photo/?fbid=658486493555846&set=a.140997258638108",https://www.facebook.com/pastoraldosanimais/posts/pfbid02GhvYhTVAA7WQh6rfbuZfejtnYPYbJ4VFD7UCBXs3tzPiEcavFyCaR6iM1Cix71kSl,relacionado,488271055_18275010439251971_1915196266768796700_n.webp,encontrado
"Ado√ß√£o respons√°vel:

A mais clarinha √© f√™mea e os demais s√£o machos .

Contato:  18 99134-1895 Carlos
with 4 Attachments: https://www.facebook.com/pastoraldosanimais/posts/pfbid02DQhSH4DzG89qDvFucjTSW7dkgF1JSo29PFJxJkVLQ1qho1eKW7LD7LqJmfWWTYyyl",https://www.facebook.com/pastoraldosanimais/posts/pfbid02DQhSH4DzG89qDvFucjTSW7dkgF1JSo29PFJxJkVLQ1qho1eKW7LD7LqJmfWWTYyyl,relacionado,489673297_18274974007251971_1380712049765576154_n.webp,encontrado
"Oi gentes, tudo bem? 
O C√£opista passou por seda√ß√£o para avaliar as condi√ß√µes do olhinho. 

Not√≠cias de hoje (09/04/25) enviadas pela Dra Mariana: ""Ao retirar as larvas que j√° estavam mortas ap√≥s a administra√ß√£o via oral de Nexgard Spectra, notamos a perda de boa parte do olho, por conta da bicheira. Entramos com tratamento com antibioticoterapia, anti-inflamat√≥rio e analg√©sicos.
Apesar da cardiopatia, o eletrocardiograma estava bom e ele passou bem pela anestesia. 
A recupera√ßao p√≥s anest√©sica foi tranquila. E hoje ele permanece bem. Defecou e urinou normalmente. 
Est√° alegre, se alimentando e recuperando bem.""

Continuemos em ora√ß√£o, logo nosso aumiguinho deve estar de volta em casa üôèüèªüê∂‚ù§Ô∏è
with a Photo: https://www.facebook.com/photo/?fbid=657815886956240&set=a.140997258638108",https://www.facebook.com/pastoraldosanimais/posts/pfbid0KbEc4QH9h4Sp9GWeBafCgFNpr6uBQrpp8DyucYUH8Zww29UK3W6wnzw81sgUE9SBl,relacionado,489092579_18274928653251971_8132068097650754069_n.webp,encontrado
"Temos 6 c√£es e 1 gata esperando para serem castrados, e precisamos da sua ajuda para custear o procedimento! A Cl√≠nica Veterin√°ria S√£o Miguel est√° apoiando essa miss√£o, garantindo todo o cuidado necess√°rio.

Qualquer valor faz a diferen√ßa!

üîπ Chave Pix: (18) 99629-1049

üéØ Meta: R$ 2.000
Cada contribui√ß√£o nos aproxima desse objetivo! Castrar √© um ato de amor que previne abandonos e doen√ßas.

Fa√ßa sua doa√ß√£o e compartilhe essa causa! Juntos, podemos transformar vidas!
with a Photo: https://www.facebook.com/photo/?fbid=646231271448035&set=a.140997258638108 Oipessoalt Aqui √© 0 Caopista!

APastoral dos Animais esta arrecadando
recursos para realizar a castragdo de 6 cGes e1
gata do Centro de Formagdo para garantiro
bem-estar e a sade dos nossos aumiguinhos.
Com o apoio da Clinica Veterinaria Sao Miguel
‚Äîresponsdvel pelo transporte, exames,
castragdes e pds-operatorio .

Nossa
chave PIX:
(18)99629-1049

R$2.000

Testante daturminha o

fcontamos com a ajuda de

Apoio

ehee
",https://www.facebook.com/pastoraldosanimais/posts/pfbid02X8akN6WaPx8zdPGmREAi9uP5tTgJDE5j7f6TuuKEw1egvxCSJkuuD1D1RRRMXE5Ql,relacionado,486553628_18273502021251971_8782987206665516958_n.jpg,encontrado
"Ado√ß√£o respons√°vel:

""Zambi pra ADO√á√ÉO RESPONS√ÅVEL - mediante entrevista
*Mistura de labrador com pitbull

-Ele tem 3 aninhos
-√â super d√≥cil
-Muito brincalh√£o 
-Gosta de crian√ßa 
-Vacinado,castrado,vermifugado e microchipado

MOTIVOS PARA DO√Å-LO: Precisa de espa√ßo suficiente- casa ou s√≠tio (sem acesso a rua)

Compromisso com alimenta√ß√£o, seguran√ßa, sa√∫de e bem-estar do animal

""Vai encher o cora√ß√£o de quem o adotar de muito amor"".

Contato: Zety (18)98159-4423
Whatsapp""
with a Photo: https://www.facebook.com/photo/?fbid=646005574803938&set=a.140997258638108 ",https://www.facebook.com/pastoraldosanimais/posts/pfbid0UkykwC5ovPEfgjEPTcR6mYFmBQ38ajhKW8v2wzFhed6r4SKa7QQb2TGVmsHgq3CZl,relacionado,486869295_18273469849251971_6908854690266521558_n.jpg,encontrado
"Ado√ß√£o respons√°vel:

Manchinha, super d√≥cil, alegre, companheiro, macho, castrado, vacinado, tem chip.

Est√° ficando no espa√ßo da @petz de Presidente Prudente.

Endere√ßo: Av Manoel Goulart, 2671, Centro .
with a Photo: https://www.facebook.com/photo/?fbid=643843728353456&set=a.140997258638108 ",https://www.facebook.com/pastoraldosanimais/posts/pfbid02gPtyCTSqpCB5pKqkhCwtDVB5msqv7yjg2qyiWctahrVKGNrfFarnQR5pumqJYGSql,relacionado,485582220_18273183094251971_2450458661433905282_n.jpg,encontrado
"A MEL EST√Å PERDIDA! 
Voc√™ viu? 

Todas as informa√ß√µes est√£o na legenda. Ajudem compartilhando. Se voc√™ sabe de alguma not√≠cia entre em contato com a fam√≠lia, ela √© importante üíï
with a Photo: https://www.facebook.com/photo/?fbid=640540875350408&set=a.140997258638108 Gente essa √© minha
cachorrinha ela sumiu ontem
de noite no dia 16, no bairro
rota do sol ela atende por mel
Quem souber de qualquer
informagio por favor entrar
em contato

18 997790454

",https://www.facebook.com/pastoraldosanimais/posts/pfbid02Mcxpgtd8t8CFQAxHUNyRJPKznLBzEcXfGpcCAMEcb8CawjXswA7At5Bd3KvSJWunl,relacionado,485121999_18272743990251971_6637306864768055971_n.jpg,encontrado
"MACHO E F√äMEA DISPON√çVEL ü©∑ü©µ

FILHOTES PARA ADO√á√ÉO RESPONS√ÅVEL!!!!
Eles precisam de um lar de amor üíù 

Urgente!
Ajudem compartilhando.

OBS: n√£o entregamos! 
Tirem suas d√∫vidas com o contato abaixo 

M√£e dos filhotes: porte m√©dio.
Filhotes para ado√ß√£o respons√°vel urgente 
Contato com Vanessa 18 98189-4229
with 3 Attachments: https://www.facebook.com/pastoraldosanimais/posts/pfbid036VEucpvJ9MUtR4H6atyCKk3Avf95GMzhCD31wAampFJ7moYBqy8v3TfejSBNqagPl ",https://www.facebook.com/pastoraldosanimais/posts/pfbid036VEucpvJ9MUtR4H6atyCKk3Avf95GMzhCD31wAampFJ7moYBqy8v3TfejSBNqagPl,relacionado,485086818_18272609662251971_439192252759393016_n.jpg,encontrado
"CACHORRO PERDIDO!!
Algu√©m procurando? 
Macho! 
Apareceu pr√≥ximo da cacha√ßaria 
Liberato Mesquita 73
Apartamento 3 
67996308408- Isabele
with 3 Attachments: https://www.facebook.com/pastoraldosanimais/posts/pfbid02MUzNsdFPRtvjpL7eJsyGg37ezPjRqMJPdckvxsP4U1jqEnq9c86aQZLbYk7VHdTAl ",https://www.facebook.com/pastoraldosanimais/posts/pfbid02MUzNsdFPRtvjpL7eJsyGg37ezPjRqMJPdckvxsP4U1jqEnq9c86aQZLbYk7VHdTAl,relacionado,484424638_18272563435251971_8483199490699102980_n.jpg,encontrado
"FILHOTES PARA ADO√á√ÉO RESPONS√ÅVEL!!!!
Eles precisam de um lar de amor üíù 

Urgente!
Ajudem compartilhando.

M√£e dos filhotes: porte m√©dio.
Filhotes para ado√ß√£o respons√°vel urgente 
Contato com Vanessa 18 98189-4229
with 5 Attachments: https://www.facebook.com/pastoraldosanimais/posts/pfbid0isqVCo5xqb84HKBWQCePrefQs5ASuNNUUf2KQCwPp3APVpEjQAA6wP5oTenFMkLNl ",https://www.facebook.com/pastoraldosanimais/posts/pfbid0isqVCo5xqb84HKBWQCePrefQs5ASuNNUUf2KQCwPp3APVpEjQAA6wP5oTenFMkLNl,relacionado,483802669_18271794211251971_1002250232966283963_n.jpg,encontrado
"Ado√ß√£o respons√°vel;

""Zambi pra ADO√á√ÉO RESPONS√ÅVEL - mediante entrevista
*Mistura de labrador com pitbull

-Ele tem 3 aninhos
-√â super d√≥cil
-Muito brincalh√£o 
-Gosta de crian√ßa 
-Vacinado,castrado,vermifugado e microchipado

MOTIVOS PARA DO√Å-LO: Precisa de espa√ßo suficiente- casa ou s√≠tio (sem acesso a rua)

Compromisso com alimenta√ß√£o, seguran√ßa, sa√∫de e bem-estar do animal

""Vai encher o cora√ß√£o de quem o adotar de muito amor"".

Contato: Zety (18)98159-4423
Whatsapp""
with 4 Attachments: https://www.facebook.com/pastoraldosanimais/posts/pfbid02LBJp2Qrfuryrbyss39fTamXdseub8ookxdqcjhiLFnPz7m4uvb5owTUfB4WHtaCNl ",https://www.facebook.com/pastoraldosanimais/posts/pfbid02LBJp2Qrfuryrbyss39fTamXdseub8ookxdqcjhiLFnPz7m4uvb5owTUfB4WHtaCNl,relacionado,482500815_18271146487251971_3993157644916585179_n.jpg,encontrado
"Pedido de ajuda :

Animais abandonados , aparentemente debilitados .
Precisam de resgate, ado√ß√£o ou lar tempor√°rio. 
Um macho e uma f√™mea 

Est√£o na Drogasil do Lar dos Meninos .

Compartilhem , por favor!

#ajudar√©obicho #adotar√©obicho
with 3 Attachments: https://www.facebook.com/pastoraldosanimais/posts/pfbid024H2dg7m3fenA6jE9kdqJpBoS9mdcG2pKuQisPrTDHEBxyAtJSp2quaWGhiPsjDspl ",https://www.facebook.com/pastoraldosanimais/posts/pfbid024H2dg7m3fenA6jE9kdqJpBoS9mdcG2pKuQisPrTDHEBxyAtJSp2quaWGhiPsjDspl,relacionado,482096526_18270753640251971_8326830249557161017_n.jpg,encontrado
"Procura -se tutor : 

Essa cachorra est√° no mesmo local desde manh√£ .
Pode estar perdida ou abandonada .

Local : Rua Floris do Prado , bairro Ana Jacinta 

Contato: 18 99679 2615
with a Photo: https://www.facebook.com/photo/?fbid=625772210160608&set=a.140997258638108 ",https://www.facebook.com/pastoraldosanimais/posts/pfbid0G9biHvd8daMa8gDwnrZ1wWj4CxPKGLuBG8BfL1aG9Weo18HCRFgQ7xN1T9E1ZUDTl,relacionado,480956856_18270521200251971_477983167769844221_n.jpg,encontrado
"Animal perdido: 

Cachorro filhote perdido no parque cedral! 
Algu√©m conhece o dono?
Estava sujo e com muitos carrapatos
Ctt: 981771798
with 5 Attachments: https://www.facebook.com/pastoraldosanimais/posts/pfbid0AjjG7TWrVhiuxJeeiWeJkDggmRRdnYPbMMuaFkEGjyyZbeP4hV4jwcTdDcDdsEDdl ",https://www.facebook.com/pastoraldosanimais/posts/pfbid0AjjG7TWrVhiuxJeeiWeJkDggmRRdnYPbMMuaFkEGjyyZbeP4hV4jwcTdDcDdsEDdl,relacionado,481125676_18269870068251971_6940872273921678402_n.jpg,encontrado
"
with a Reel: https://www.facebook.com/reel/952699613429450 ",https://www.facebook.com/groups/833864336729782/permalink/9622795004503294/,relacionado,491775110_687289760519551_9120395548161732174_n.jpg,encontrado
"
with a Facebook Post: https://www.facebook.com/anjosdequatro.patas.1/posts/pfbid0qbPaYBWG1YEMQBdrgb9Jkc4X7LbaZ72DBPM46iqraPWZehkGfAtJaR8BVCAb9uxdl Ajuda para encontrar o Principe!

Pessoal, pedimos a ajuda de todos! Nosso cachorro,
Principe, esta desaparecido desde sdbado. Ele sumit
do nosso rancho localizado na Angelo Rena,

Principe √© um co adordvel e est√© com um lengo no
pescogo. Se algu√©m tiver informag√©es sobre 0
paradeiro dele, por favor, entrem em contato conose:
‚ÄòAgradecemos qualquer ajuda!

_mnogueira ou 18997799129

",https://www.facebook.com/groups/833864336729782/permalink/9622642577851870/,relacionado,491444625_18324664069204107_5454103773157433435_n.jpg,encontrado
"
with a Facebook Post: https://www.facebook.com/groups/animaisperdidospp/permalink/9260793147359705/ ",https://www.facebook.com/groups/833864336729782/permalink/9622240797892048/,relacionado,492365650_9144002165704057_6231294227174273643_n.jpg,encontrado
"
with a Facebook Post: https://www.facebook.com/spaa.ppte.sp/posts/pfbid02gW1kwWdXKeHqpoC4WsGEb1NYB82jKcJQ9jaquwVLFinBNdGVZ6k3yJSw59wwGdMfl ",https://www.facebook.com/groups/833864336729782/permalink/9622391401210321/,relacionado,492329437_1207967687858374_2243786171701960554_n.jpg,encontrado
"
with a Facebook Post: https://www.facebook.com/groups/385096324909405/permalink/9560892050663074/ ",https://www.facebook.com/groups/833864336729782/permalink/9622387717877356/,relacionado,491962137_673990888610667_5554732416897668874_n.jpg,encontrado
"Essa lindeza precisa de um lar ou vai viver na rua üê±
with a Facebook Post: https://www.facebook.com/groups/1411413429080945/permalink/3909289485959981/ ",https://www.facebook.com/groups/833864336729782/permalink/9621735364609258/,relacionado,492329437_1207967687858374_2243786171701960554_n.jpg,encontrado
"
with a Facebook Post: https://www.facebook.com/groups/animaisperdidospp/permalink/9248169195288767/ ",https://www.facebook.com/groups/833864336729782/permalink/9617794945003300/,relacionado,492417163_23894945410109744_5476764072746378410_n.jpg,encontrado
"Vamos ajudar a encontrar
with a Facebook Post: https://www.facebook.com/groups/animaisperdidospp/permalink/9260793147359705/ ",https://www.facebook.com/groups/833864336729782/permalink/9621966717919456/,relacionado,492365650_9144002165704057_6231294227174273643_n.jpg,encontrado
"
with a Facebook Post: https://www.facebook.com/groups/2043080775816013/permalink/7766241886833178/ ",https://www.facebook.com/groups/833864336729782/permalink/9622247384558056/,relacionado,492329437_1207967687858374_2243786171701960554_n.jpg,encontrado
"
with a Facebook Post: https://www.facebook.com/permalink.php?story_fbid=pfbid0gi8tTzfZxjtYQ7q9fUKZoW2NEvpBMFDtrfCgPfQhUmGvumGdiCkyyaM5eMaEAkobl&id=100005174972598 ",https://www.facebook.com/groups/833864336729782/permalink/9621020608014067/,relacionado,492633911_2942312032617934_443864147808183491_n.jpg,encontrado
"
with a story: https://www.instagram.com/p/DI0BtkssIZ_/?igsh=YzljYTk1ODg3Zg%3D%3D ",https://www.facebook.com/groups/833864336729782/permalink/9621554537960674/,relacionado,491460840_18301518892241937_6778426459836516684_n.jpg,encontrado
"A Suzi ainda est√° desaparecida!!üíî
Gatinha branca desaparecida no Jardim Vista Bonita (Res. Jos√© Rena), muito d√≥cil, se algu√©m encontrou ou pegou por favor devolver, √© a gatinha da nossa fam√≠lia. Atende por Suzi

(18)99738-7283 Millena
with 4 Attachments: https://www.facebook.com/media/set/?set=pcb.9621199911329470&type=1 ",https://www.facebook.com/groups/833864336729782/permalink/9621199911329470/,relacionado,492329437_1207967687858374_2243786171701960554_n.jpg,desaparecido
"Vamos ajudar
with a Facebook Post: https://www.facebook.com/mitiko.yamamoto.142/posts/pfbid02NxB7mQru5TYjRedn8hqWCVZvBGnfq4qyLsKafTGStywH3u2advqW45fQoN5agHE2l ‚Äúema *

",https://www.facebook.com/groups/833864336729782/permalink/9615719528544175/,relacionado,492448283_2210798469363248_8406569378479289089_n.jpg,encontrado
"
with a Facebook Post: https://www.facebook.com/pastoraldosanimais/posts/pfbid0WWDbfY16CUycgtJQzsg1UV51w4SEgEvoWfj84PhWA7AndRGAvXUzMVBphb9UmRVKl | Jardim Estoril, macho,
porte pequeno.

Se algu√©m conhecer o

dono ou quiser adotar.
(18) 998166345

",https://www.facebook.com/groups/833864336729782/permalink/9621015368014591/,relacionado,491415332_18276335998251971_1219301300593242664_n.jpg,encontrado
"
with a Facebook Post: https://www.facebook.com/groups/306667294316069/permalink/1235802408069215/ ",https://www.facebook.com/groups/833864336729782/permalink/9621012388014889/,relacionado,492417163_23894945410109744_5476764072746378410_n.jpg,encontrado
"
with a Facebook Post: https://www.facebook.com/pastoraldosanimais/posts/pfbid0WWDbfY16CUycgtJQzsg1UV51w4SEgEvoWfj84PhWA7AndRGAvXUzMVBphb9UmRVKl | Jardim Estoril, macho,
porte pequeno.

Se algu√©m conhecer o

dono ou quiser adotar.
(18) 998166345

",https://www.facebook.com/groups/833864336729782/permalink/9617808331668628/,relacionado,491415332_18276335998251971_1219301300593242664_n.jpg,encontrado
"
with a Facebook Post: https://www.facebook.com/groups/1509295342654810/permalink/4089280917989560/ 4 WO 4 15:40

¬´ 7 Cachorros perdidos Presi.. Q see
> Curtir QQ) comentar (¬© Enviar > Compartilhar

Elida Maria Guilherme Jos√©
5h: @

Cachorro perdido no condominio Porto Bello

¬© Vane Tarelli 4 comentarios 19 compartilhamentos

",https://www.facebook.com/groups/833864336729782/permalink/9617609855021809/,relacionado,492198046_2365137813872570_6420122014063761945_n.jpg,encontrado
"Se algu√©m encontrou ou encontrar entrar em contato celular 18 98803-1519, pode ser pelo WhatsApp, estou desesperada
with a Photo: https://www.facebook.com/photo/?fbid=9823421711039990&set=gm.9617277488388379&idorvanity=833864336729782 11:16 ¬© al! 94%
@4OQYreoO W=
Beb√© fugiu de casa no
jardim colina quem
ver por favor ligar

98803-1519

",https://www.facebook.com/groups/833864336729782/permalink/9617277488388379/,relacionado,492790466_9823421737706654_664352424697096449_n.jpg,encontrado
"Quem perdeu??
with a Facebook Post: https://www.facebook.com/marley.aguilardebrito/posts/pfbid02g39YmexxwfZ4rA2AM819QEY2fHdq2Gjfb4N6NnspQnx3vM8qyrDzQ7dTAPkzgFxxl ",https://www.facebook.com/amigobichoprudente/posts/pfbid0skDaX4okyfYc9f71NUE7Qmv36RGRGCGr8A9kTrzUBMyVft24MGnnUwvaCkWtkxygl,relacionado,492199375_9270742259703900_9116187409493045439_n.jpg,encontrado
"‚ùåURGENTE!! üÜò 
‚Äúm√£ezinha e 6 beb√™s que pelo jeito est√£o abandonados nessa rua PAQUETA 67 JD Guanabara.
Est√£o pele osso e sarna.
s√£o 6 beb√™s em situa√ß√£o crueldade do abandono desde j√° agrade√ßo postar e a √∫nica sorte deles.desde j√° gratid√£o‚Äù
@ludoneda
with 2 Attachments: https://www.facebook.com/amigobichoprudente/posts/pfbid0AmofFn8mpM5E3jQmPGRXRqAz2ZJUd2nwLYjfHGdkmx4biSNz2LfLYkdiUaRr13EJl ",https://www.facebook.com/amigobichoprudente/posts/pfbid0AmofFn8mpM5E3jQmPGRXRqAz2ZJUd2nwLYjfHGdkmx4biSNz2LfLYkdiUaRr13EJl,relacionado,490901478_17917206690093990_6638375633945150670_n.jpg,encontrado
"
with a Facebook Post: https://www.facebook.com/jucaskiter/posts/pfbid02BMssDniJ2zwrmRXK5cNxSZte7idTZ1k42wHwa5TieKAixLaxeVHNN4eZd4NYbeCzl ",https://www.facebook.com/amigobichoprudente/posts/pfbid0kxWqWSzECmSUPVQM38D4YRQMe8XpmVok6e4WgDfcKW774cAhfpKhApw5owptTa2El,relacionado,491684592_3437870823011492_8836072655854072124_n.jpg,encontrado
"‚ùåquem perdeu?
( sem informa√ß√µes se foi resgatado )
with a Photo: https://www.facebook.com/photo/?fbid=1081812640639317&set=a.556096126544307 Lucas Marques - 1h: @
Cachorro aparentemente perdido nas ruas
do Jardim Maracana, tem coleira, mas sem
identificagao, parece um shitzu, esta
andando na rua maria madalena
mazzucheli caravina, proximo ao mercado
valente 3

",https://www.facebook.com/amigobichoprudente/posts/pfbid02jVskvvXdSr7qwHwzTZTV8BSmBDXL2yhZrc3MV7HEJYtXEDdXAHw1ZE3MEABjnzPGl,relacionado,491533217_17916977655093990_570484308166962360_n.jpg,encontrado
"‚ùåProcura-se THEO!
Cachorro fugiu pelas redondezas do Parque dos girass√≥is.
‚òéÔ∏è18996260701
with a Photo: https://www.facebook.com/photo/?fbid=1081805223973392&set=a.556096126544307 ",https://www.facebook.com/amigobichoprudente/posts/pfbid02jthbwHGXUYcaxajBAkZ2i7aQ35X5L8fMTed51dDevYoJUTVY7MTV6mCdCmuVju7ul,relacionado,491897243_17916976935093990_7953627189916999490_n.jpg,encontrado
"
with a Facebook Post: https://www.facebook.com/pastoraldosanimais/posts/pfbid0U3hWYHiJX4m2NhntUCdjPbgKgcJJ21pRUGYZFthu6dhY1FXn22vFuT2mii2vgPJTl",https://www.facebook.com/amigobichoprudente/posts/pfbid08pSmuQiiAg2LT5kh9i69bYrt2mfLGBQqTcC6qkyC1APyfAqpFKkpmpSHyyUdsMxYl,relacionado,491453870_18275634253251971_4833270553806299842_n.webp,encontrado
"
with a Facebook Post: https://www.facebook.com/groups/1411413429080945/permalink/3905079863047610/ ",https://www.facebook.com/amigobichoprudente/posts/pfbid03FWax7y8ypbTAPZpvGLxqDE4RknGnjAGAqs2T8px6p6UCyN4UNz6EfiLrESc6ka4l,relacionado,490405316_1933206740817793_2232199991078828007_n.jpg,encontrado
"
with a Facebook Post: https://www.facebook.com/groups/animaisperdidospp/permalink/9201527909952896/ ",https://www.facebook.com/amigobichoprudente/posts/pfbid021ESH7dzaLJC1HzZeVQCKDwqV6TGUCZb85Hjw4weB6wjiJHpzXaszKav16127W6iFl,relacionado,491911529_9085269751577299_7445874928534932352_n.jpg,encontrado
"S√£o muitos nas ruas e n√£o tem lar para todos. Castrar √© a melhor op√ß√£o! üòª

Doe bons produtos para nosso Bazar ou qualquer valor no pix amigobichopp@gmail.com

Agradecemos @carrion_vet ‚ù§Ô∏è

#castrar√©umatodeamor 
#castrarsalvavidas 
#amigobichopp
with a Photo: https://www.facebook.com/photo/?fbid=1077122991108282&set=a.556096126544307 ",https://www.facebook.com/amigobichoprudente/posts/pfbid032Vc88CmQunwe3UDv8hVk6d52ufQ9vydNPZj1yBQ6Pz2E7rP1HczpwkPNiThhV1u7l,relacionado,490186905_17916358056093990_8023099583288610335_n.jpg,encontrado
"‚ùåQuem perdeu??
with a Photo: https://www.facebook.com/photo/?fbid=1074769188010329&set=a.556096126544307 Encontrada pr√©ximo ao forum.
Contato 18 997919044

Cad√© o dono?!
proximo ao forum.
Contato
18 997919044

",https://www.facebook.com/amigobichoprudente/posts/pfbid0ngYvirggkdmPCXXxZgVFo6trLrQH1fNZuv9hNbuTCV5dJ6RcuqUcHoMWu96BUw6Ul,relacionado,490444531_17916040797093990_3606123040095545317_n.jpg,encontrado
"
with a Facebook Post: https://www.facebook.com/groups/animaisperdidospp/permalink/9165383430234011/ ",https://www.facebook.com/amigobichoprudente/posts/pfbid028RqYCEbCZbSNaCVXzK1ySnsE78TxF4NguHVGX7WfnyWrCaQf8DFaZjRLVk3x8JUUl,relacionado,489963864_1194872978713975_2315633728612784937_n.jpg,encontrado
"
with a Facebook Post: https://www.facebook.com/dengoso.prudente/posts/pfbid02wNLVZn1yjAJEF1WDnZ3ftKFbTNM3vuvKxi4ihGXqijPihWdFLwvCTnEvFZRqpg5hl ",https://www.facebook.com/amigobichoprudente/posts/pfbid02fCDoqdCqCBZP1YsvRTr5FBR3NUMA56QmGpYQYNn8uMvZojvESwwGRyhrfuctchCNl,relacionado,490401387_9428028107318146_148061165010045869_n.jpg,encontrado
"‚ÄúPessoal, esse aqui √© meu gatinho Sherlock, ele saiu de casa e ainda n√£o voltou, nos mudamos recentemente para cidade, ou seja ele n√£o conhece nada por aqui e nunca foi de sair de casa...
Ele √© macho, castrado e tem  microchip, estou igual doida procurando na rua e chamando ele, mas ele ainda n√£o apareceu. Se encontrar ele, por favor me manda mensagem, meus animais s√£o minha fam√≠lia 
Moro no Jardim Monte Alto, na Alexandre Fernandes, Presidente Prudente - SP 
Se puderem me ajudar, agrade√ßo Watts: 13 996527939 ( meu ddd √© 13 mesmo, mudei recentemente e ainda n√£o alterei para 18)‚Äù
with a Photo: https://www.facebook.com/photo/?fbid=1074646694689245&set=a.556096126544307 ",https://www.facebook.com/amigobichoprudente/posts/pfbid09oEaQ2pckz9CbKucz6Umm1Do116U6dT8P1N8rgHKhG1L51c3BkmGe5H2y1FRVbudl,relacionado,489650877_17916022869093990_1854702577157289979_n.jpg,encontrado
"AJUDEM COMPARTILHANDO! 

CACHORRO PERDIDO! 

Se voc√™ conhece o dono ou est√° a procura de um novo amigo, esse pr√≠ncipe est√° dispon√≠vel!! 

‚ÑπÔ∏èINFORMA√á√ïES NA FOTO!!! 
D√öVIDAS OU QUALQUER INFORMA√á√ÉO: (18)998166345

A pastoral dos animais n√£o entrega animais ‚úÖ
N√£o recolhemos animais ‚úÖ
Qualquer d√∫vida, estamos √† sua disposi√ß√£o via direct.
with a Photo: https://www.facebook.com/photo/?fbid=668789382525557&set=a.140997258638108 | Jardim Estoril, macho,
porte pequeno.

Se algu√©m conhecer o

dono ou quiser adotar.
(18) 998166345

",https://www.facebook.com/pastoraldosanimais/posts/pfbid0WWDbfY16CUycgtJQzsg1UV51w4SEgEvoWfj84PhWA7AndRGAvXUzMVBphb9UmRVKl,relacionado,491415332_18276335998251971_1219301300593242664_n.jpg,encontrado
"Ado√ß√£o respons√°vel:

Macho , tr√™s anos .
Fica muito tempo sozinho em casa e est√° adoecendo . A tutora s√≥ chega ap√≥s as 23h .
Precisa de um lar respons√°vel!

Contato: 18 99625 4483 Tauany
with 2 Attachments: https://www.facebook.com/pastoraldosanimais/posts/pfbid0UrDrBPbCALTFqu7hG8Xh4wKjtg2fsWjDaiguRswMpf61xfmBzUVwAUp1HoV6YBdvl",https://www.facebook.com/pastoraldosanimais/posts/pfbid0UrDrBPbCALTFqu7hG8Xh4wKjtg2fsWjDaiguRswMpf61xfmBzUVwAUp1HoV6YBdvl,relacionado,491463619_18276333703251971_3788693558052592917_n.webp,encontrado
"Procura -se animal perdido 

Informa√ß√µes e contato na foto da legenda.
with a Photo: https://www.facebook.com/photo/?fbid=668769865860842&set=a.140997258638108",https://www.facebook.com/pastoraldosanimais/posts/pfbid0rWFKpGoBLiTyFAa2yMCd6tcYavaxAbJiA47ySHFhfBUGPmMKYyT3iah6mkRAg2pcl,relacionado,491268050_18276332860251971_7211702702911154507_n.webp,encontrado
"Ado√ß√£o respons√°vel:
 
M√£ezinha e cinco filhotes machos para ado√ß√£o respons√°vel!

Contato:  18 99809-7519 D√©bora
with 7 Attachments: https://www.facebook.com/pastoraldosanimais/posts/pfbid0xDGF6ZQ5EJhBYwbBLhv4cvMvwNKjNurUaH6dbJn9P27GeWvWqS1txN1USAPNdp4dl",https://www.facebook.com/pastoraldosanimais/posts/pfbid0xDGF6ZQ5EJhBYwbBLhv4cvMvwNKjNurUaH6dbJn9P27GeWvWqS1txN1USAPNdp4dl,relacionado,491462530_18276131629251971_1206923170161682265_n.webp,encontrado
"A P√°scoa √© tempo de renova√ß√£o, amor e esperan√ßa.
√â quando celebramos a vida e a ressurrei√ß√£o, lembrando-nos do verdadeiro sentido deste tempo t√£o especial.

Mas tamb√©m √© tempo de cuidado com quem n√£o pode falar: os nossos animais.
O chocolate, t√£o presente nas celebra√ß√µes humanas, pode ser extremamente t√≥xico para eles.

Nesta P√°scoa, espalhe carinho, mas com responsabilidade.
Proteja, ame e respeite todas as formas de vida.

Com carinho,
Pastoral dos Animais
üê∞üôèüèªüê∞üôèüèªü©∑
with a Photo: https://www.facebook.com/photo/?fbid=666201229451039&set=a.140997258638108 4
feliz√©

Que a alegria da ressurreicao de cristo
esteja emjseu coragao hoje e sempre!

E lembre-se, nada de oferecer
‚Äòdocinho para os seus pets!
",https://www.facebook.com/pastoraldosanimais/posts/pfbid0k2g4MJGEgQyPACcRmW2oGT81hdKiG72r8m2hr1xU6RhMdHF9VjYtUbCLG91DeJ2tl,relacionado,490899751_18275995735251971_2977006785713079084_n.jpg,encontrado
"Ado√ß√£o respons√°vel:

""Mais um caso de cortar o cora√ß√£o !!!
Esse gatinho ficava na pra√ßa da coronel Albino sendo cuidado pelos moradores , eu fiz uma postagem e uma senhor veio e adotou ele , e agora ele apareceu aqui depois de um m√™s 10 vezes mais debilitado e magro !!!
O MESMO QUE ADOTOU DISSE QUE TROUXE DE VOLTA PRA PRA√áA PQ ELE TAVA MELHOR AQUI ! Eu desisto do ser humanoüòî
Olha a situa√ß√£o, ele mal anda !! 
O QUE HOUVE ? Ele tinha sido adotado e do nada est√° aqui nessa situa√ß√£o!! E o que eu fa√ßo? Ele novamente veio morar nas ruas."" 

Contato: 18 988202635

Adote com responsabilidade!
with 4 Attachments: https://www.facebook.com/pastoraldosanimais/posts/pfbid0U3hWYHiJX4m2NhntUCdjPbgKgcJJ21pRUGYZFthu6dhY1FXn22vFuT2mii2vgPJTl",https://www.facebook.com/pastoraldosanimais/posts/pfbid0U3hWYHiJX4m2NhntUCdjPbgKgcJJ21pRUGYZFthu6dhY1FXn22vFuT2mii2vgPJTl,relacionado,491453870_18275634253251971_4833270553806299842_n.webp,encontrado
"Procura -se animal desaparecido.

Informa√ß√µes e contato na foto da postagem.
with a Photo: https://www.facebook.com/photo/?fbid=663452559725906&set=a.140997258638108",https://www.facebook.com/pastoraldosanimais/posts/pfbid055fSUMDBCEcsBnzcbAzdjStFmpCtMiPPveY2e53BonBFs8Af5GTAVESeLBedUVR1l,relacionado,491464541_18275633623251971_7080879907551263807_n.webp,encontrado
"Oi√™, humano! üß°
Meu nome √© Tina e t√¥ prontinha pra fazer parte da sua vida!
Tenho mais ou menos 6 meses, j√° sou castrada, tenho chip e meu cora√ß√£o √© s√≥ amor!
Adoro um carinho, correr por a√≠ e me jogar no seu colo como se j√° fosse minha tutora de nascen√ßa! üêæüíï

T√¥ na Petz Presidente Prudente-SP, esperando por voc√™ com o rabinho abanando!
Me d√° uma chance de te fazer feliz? ü•∞
with a Photo: https://www.facebook.com/photo/?fbid=663215139749648&set=a.140997258638108",https://www.facebook.com/pastoraldosanimais/posts/pfbid02gP8hpk5iqHtV8fAAgTsLYvSApSyHqePHvUgbHnAbZyPxBV1bLtS9J79GoYFkE7Rkl,relacionado,489851851_18275605180251971_4747649077148951967_n.webp,encontrado
"Esse lindinho da foto √© o Pipoca, um macho com cerca de 8 meses, castrado, e com um cora√ß√£o que transborda do√ßura e carinho. üíõ

Ele ama um colinho, caminhas aconchegantes e sof√°s bem fofinhos üõãÔ∏è. Pipoca √© um verdadeiro amor: se d√° super bem com c√£es e gatos, e s√≥ quer uma fam√≠lia pra chamar de sua. üêæ

üìç Est√° esperando por voc√™ na Petz Presidente Prudente - SP.

Se voc√™ sonha com um companheiro leal e carinhoso, o Pipoca pode ser o seu match perfeito! üíò

üì≤ Compartilhe e nos ajude a encontrar um lar cheio de amor pra ele.

#Adote #Ado√ß√£oRespons√°vel #MeAdota #CachorroParaAdo√ß√£o #PresidentePrudente #Petz #PastoralDosAnimais #AmorQueLate #AdoteUmAmigo
with 6 Attachments: https://www.facebook.com/pastoraldosanimais/posts/pfbid0ufPkn9VEDgoCA1Vw8ub8nsg1WSvJ9vGFqA62NJarn83MCoYtTHrQtWnBngxPWgJ2l",https://www.facebook.com/pastoraldosanimais/posts/pfbid0ufPkn9VEDgoCA1Vw8ub8nsg1WSvJ9vGFqA62NJarn83MCoYtTHrQtWnBngxPWgJ2l,relacionado,491374981_18275390500251971_9065439019210019310_n.webp,encontrado
"Procura -se tutor ou ado√ß√£o respons√°vel/lar tempor√°rio:

""Oii! Boa noite. Encontrei uma cachorrinha perdida pr√≥ximo ao f√≥rum. Ela est√° comigo, por√©m n√£o consigo ficar por muito tempo porque tenho um cachorro de porte grande e idoso. Ser√° que voc√™ pode me ajudar a divulgar, por favor?
Se algu√©m puder ser lar tempor√°rio, eu agrade√ßo! 
Contato: 18 99791-9044""

Obs : n√£o √© chipada.
with 3 Attachments: https://www.facebook.com/pastoraldosanimais/posts/pfbid02e1RJ7BMvAMkXZzVt464sMMUi8YPZ1ctHb7F4SyqYqcXmKXkAqNH3BwV7prwigsWSl",https://www.facebook.com/pastoraldosanimais/posts/pfbid02e1RJ7BMvAMkXZzVt464sMMUi8YPZ1ctHb7F4SyqYqcXmKXkAqNH3BwV7prwigsWSl,relacionado,491466835_18275300284251971_6852643039915570649_n.webp,encontrado
"Ado√ß√£o respons√°vel:

""Amigos preciso muito da ajuda de voc√™s! Compartilhem! üö® 

Esse doguinho foi abandonado pela fam√≠lia, se mudaram e deixaram ele pra tr√°s. ü•∫
Ele est√° sendo alimentado pela vizinha. 
Ele muito amoroso ü•∞‚ú®
e precisa de doador ‚ÄºÔ∏è 

Est√° no bairro Jo√£o Domingos üìç

Mais informa√ß√µes Karol (18) 98814-8142""
with 5 Attachments: https://www.facebook.com/pastoraldosanimais/posts/pfbid0KvM8vLduqNwLu23jFbLFVLUYcEAAV1QmL2WGKNyeoD66gwnQ2P7H1JDLmhAfL7iRl",https://www.facebook.com/pastoraldosanimais/posts/pfbid0KvM8vLduqNwLu23jFbLFVLUYcEAAV1QmL2WGKNyeoD66gwnQ2P7H1JDLmhAfL7iRl,relacionado,491031920_18275294116251971_8137298087706063556_n.webp,encontrado
"üê∂üíõ O nosso querido C√£opista precisa de voc√™!

A Comunidade da Par√≥quia Nossa Senhora do Carmo se une em ora√ß√£o e a√ß√£o por ele. Nosso aumiguinho est√° internado e precisa de 30 dias de tratamento, medica√ß√µes e cirurgia, com um custo especial de R$ 3.000,00.

‚ú® Com a generosidade da Dra. Mariana e do Dr. Th√©rcio, j√° demos o primeiro passo. Agora contamos com a sua doa√ß√£o, de qualquer valor, para garantir o cuidado completo do nosso amigo de quatro patas.

üìå Chave Pix: 18 99629-1049
üîπ (L√≠gia Ricci Martins Olivete ‚Äì Coordena√ß√£o da Pastoral dos Agentes Protetores de Animais)

üôè Que Deus aben√ßoe imensamente cada um que puder ajudar!
Juntos, salvamos vidas.

#AjudemOC√£opista #CuraComAmor #DoeComCora√ß√£o #PastoralDosAnimais
with a Photo: https://www.facebook.com/photo/?fbid=658515466886282&set=a.140997258638108",https://www.facebook.com/pastoraldosanimais/posts/pfbid0tui5f5bNsR2RR6Wiq3VY65CZ7pM3JfuZ3Hb6UfF8kHPA6BRoWs38qkANfq3ReoE9l,relacionado,488664215_18275013931251971_1205369754899304355_n.webp,encontrado
"Procura -se o tutor:

""Boa tarde! Um cliente achou essa gatinha na Avenida Brasil pr√≥ximo a rodovi√°ria, ela estava com uma coleira roxa, sofreu um acidente e ela teva que passar por cirurgia! Estamos a procura do dono üôèüêæüíú""

Contato: 18 99666-8672
with a Photo: https://www.facebook.com/photo/?fbid=658486493555846&set=a.140997258638108",https://www.facebook.com/pastoraldosanimais/posts/pfbid02GXmYQKDRLX9n5j4puyLbHGhAX7psrwAT3s1C9198Ficp4CajbAJbvjMWV3H8eNqdl,relacionado,488271055_18275010439251971_1915196266768796700_n.webp,encontrado
"Ado√ß√£o respons√°vel:

A mais clarinha √© f√™mea e os demais s√£o machos .

Contato:  18 99134-1895 Carlos
with 4 Attachments: https://www.facebook.com/pastoraldosanimais/posts/pfbid09s4FMtbdQvq5tPDtTv6gVCrqdjy5Q93m3C5UezHy4S3VtnsGmiCfAaNr2y1PsKqql",https://www.facebook.com/pastoraldosanimais/posts/pfbid09s4FMtbdQvq5tPDtTv6gVCrqdjy5Q93m3C5UezHy4S3VtnsGmiCfAaNr2y1PsKqql,relacionado,489673297_18274974007251971_1380712049765576154_n.webp,encontrado
"Oi gentes, tudo bem? 
O C√£opista passou por seda√ß√£o para avaliar as condi√ß√µes do olhinho. 

Not√≠cias de hoje (09/04/25) enviadas pela Dra Mariana: ""Ao retirar as larvas que j√° estavam mortas ap√≥s a administra√ß√£o via oral de Nexgard Spectra, notamos a perda de boa parte do olho, por conta da bicheira. Entramos com tratamento com antibioticoterapia, anti-inflamat√≥rio e analg√©sicos.
Apesar da cardiopatia, o eletrocardiograma estava bom e ele passou bem pela anestesia. 
A recupera√ßao p√≥s anest√©sica foi tranquila. E hoje ele permanece bem. Defecou e urinou normalmente. 
Est√° alegre, se alimentando e recuperando bem.""

Continuemos em ora√ß√£o, logo nosso aumiguinho deve estar de volta em casa üôèüèªüê∂‚ù§Ô∏è
with a Photo: https://www.facebook.com/photo/?fbid=657815886956240&set=a.140997258638108",https://www.facebook.com/pastoraldosanimais/posts/pfbid0KR5bmG1QsRXJD96qehSRY2umq73R3gBfHowXqGDb7mc5P81SA4UK4mAAouHdiLwHl,relacionado,489092579_18274928653251971_8132068097650754069_n.webp,encontrado
"Temos 6 c√£es e 1 gata esperando para serem castrados, e precisamos da sua ajuda para custear o procedimento! A Cl√≠nica Veterin√°ria S√£o Miguel est√° apoiando essa miss√£o, garantindo todo o cuidado necess√°rio.

Qualquer valor faz a diferen√ßa!

üîπ Chave Pix: (18) 99629-1049

üéØ Meta: R$ 2.000
Cada contribui√ß√£o nos aproxima desse objetivo! Castrar √© um ato de amor que previne abandonos e doen√ßas.

Fa√ßa sua doa√ß√£o e compartilhe essa causa! Juntos, podemos transformar vidas!
with a Photo: https://www.facebook.com/photo/?fbid=646231271448035&set=a.140997258638108 Oipessoalt Aqui √© 0 Caopista!

APastoral dos Animais esta arrecadando
recursos para realizar a castragdo de 6 cGes e1
gata do Centro de Formagdo para garantiro
bem-estar e a sade dos nossos aumiguinhos.
Com o apoio da Clinica Veterinaria Sao Miguel
‚Äîresponsdvel pelo transporte, exames,
castragdes e pds-operatorio .

Nossa
chave PIX:
(18)99629-1049

R$2.000

Testante daturminha o

fcontamos com a ajuda de

Apoio

ehee
",https://www.facebook.com/pastoraldosanimais/posts/pfbid02WxRk4xEqaXzpK5PcZ4Spwkc5ZMdaH9U7PvicNQqp3vAKKBnzzdf92NuXs7Hg2E3jl,relacionado,486553628_18273502021251971_8782987206665516958_n.jpg,encontrado
"Ado√ß√£o respons√°vel:

""Zambi pra ADO√á√ÉO RESPONS√ÅVEL - mediante entrevista
*Mistura de labrador com pitbull

-Ele tem 3 aninhos
-√â super d√≥cil
-Muito brincalh√£o 
-Gosta de crian√ßa 
-Vacinado,castrado,vermifugado e microchipado

MOTIVOS PARA DO√Å-LO: Precisa de espa√ßo suficiente- casa ou s√≠tio (sem acesso a rua)

Compromisso com alimenta√ß√£o, seguran√ßa, sa√∫de e bem-estar do animal

""Vai encher o cora√ß√£o de quem o adotar de muito amor"".

Contato: Zety (18)98159-4423
Whatsapp""
with a Photo: https://www.facebook.com/photo/?fbid=646005574803938&set=a.140997258638108 ",https://www.facebook.com/pastoraldosanimais/posts/pfbid0Uapke3p56rHqZCEmn3fAzvtBAz1bJDMj8sqv8i6njBZg1vVpTRszSX8uDeLKn7jKl,relacionado,486869295_18273469849251971_6908854690266521558_n.jpg,encontrado
"Ado√ß√£o respons√°vel:

Manchinha, super d√≥cil, alegre, companheiro, macho, castrado, vacinado, tem chip.

Est√° ficando no espa√ßo da @petz de Presidente Prudente.

Endere√ßo: Av Manoel Goulart, 2671, Centro .
with a Photo: https://www.facebook.com/photo/?fbid=643843728353456&set=a.140997258638108 ",https://www.facebook.com/pastoraldosanimais/posts/pfbid02ghhVTxkJpKGXCnAiJyfZiyrcymqRUr7S3qsrCDQcZyWC5NFTYRKWukyCDoMX3kwRl,relacionado,485582220_18273183094251971_2450458661433905282_n.jpg,encontrado
"A MEL EST√Å PERDIDA! 
Voc√™ viu? 

Todas as informa√ß√µes est√£o na legenda. Ajudem compartilhando. Se voc√™ sabe de alguma not√≠cia entre em contato com a fam√≠lia, ela √© importante üíï
with a Photo: https://www.facebook.com/photo/?fbid=640540875350408&set=a.140997258638108 Gente essa √© minha
cachorrinha ela sumiu ontem
de noite no dia 16, no bairro
rota do sol ela atende por mel
Quem souber de qualquer
informagio por favor entrar
em contato

18 997790454

",https://www.facebook.com/pastoraldosanimais/posts/pfbid0J5Kdmizn2s9RwuSAuG7mpZ727CENBU1aVy7gVDnrK5HTYH9G1Qad2bavrDYxRqn3l,relacionado,485121999_18272743990251971_6637306864768055971_n.jpg,encontrado
"MACHO E F√äMEA DISPON√çVEL ü©∑ü©µ

FILHOTES PARA ADO√á√ÉO RESPONS√ÅVEL!!!!
Eles precisam de um lar de amor üíù 

Urgente!
Ajudem compartilhando.

OBS: n√£o entregamos! 
Tirem suas d√∫vidas com o contato abaixo 

M√£e dos filhotes: porte m√©dio.
Filhotes para ado√ß√£o respons√°vel urgente 
Contato com Vanessa 18 98189-4229
with 3 Attachments: https://www.facebook.com/pastoraldosanimais/posts/pfbid022wbihfHwJ9EGn6No7zLds7rCQu11t9rUYJcVCkVC9AGBKm52Qj5JcE99KUMAWeX8l ",https://www.facebook.com/pastoraldosanimais/posts/pfbid022wbihfHwJ9EGn6No7zLds7rCQu11t9rUYJcVCkVC9AGBKm52Qj5JcE99KUMAWeX8l,relacionado,485086818_18272609662251971_439192252759393016_n.jpg,encontrado
"CACHORRO PERDIDO!!
Algu√©m procurando? 
Macho! 
Apareceu pr√≥ximo da cacha√ßaria 
Liberato Mesquita 73
Apartamento 3 
67996308408- Isabele
with 3 Attachments: https://www.facebook.com/pastoraldosanimais/posts/pfbid02MJqNaUyecPAn2BDcVKrdByzjVujnAys124pgTG3adkv548AtiaSWxJkEsQnV3LHPl ",https://www.facebook.com/pastoraldosanimais/posts/pfbid02MJqNaUyecPAn2BDcVKrdByzjVujnAys124pgTG3adkv548AtiaSWxJkEsQnV3LHPl,relacionado,484424638_18272563435251971_8483199490699102980_n.jpg,encontrado
"FILHOTES PARA ADO√á√ÉO RESPONS√ÅVEL!!!!
Eles precisam de um lar de amor üíù 

Urgente!
Ajudem compartilhando.

M√£e dos filhotes: porte m√©dio.
Filhotes para ado√ß√£o respons√°vel urgente 
Contato com Vanessa 18 98189-4229
with 5 Attachments: https://www.facebook.com/pastoraldosanimais/posts/pfbid0ihgUuepE24Q8gSJQ9hLpe7EiZADBdnaPsvUCBqMd9Df3gemdQWsFe2MQNEceRKJNl ",https://www.facebook.com/pastoraldosanimais/posts/pfbid0ihgUuepE24Q8gSJQ9hLpe7EiZADBdnaPsvUCBqMd9Df3gemdQWsFe2MQNEceRKJNl,relacionado,483802669_18271794211251971_1002250232966283963_n.jpg,encontrado
"Ado√ß√£o respons√°vel;

""Zambi pra ADO√á√ÉO RESPONS√ÅVEL - mediante entrevista
*Mistura de labrador com pitbull

-Ele tem 3 aninhos
-√â super d√≥cil
-Muito brincalh√£o 
-Gosta de crian√ßa 
-Vacinado,castrado,vermifugado e microchipado

MOTIVOS PARA DO√Å-LO: Precisa de espa√ßo suficiente- casa ou s√≠tio (sem acesso a rua)

Compromisso com alimenta√ß√£o, seguran√ßa, sa√∫de e bem-estar do animal

""Vai encher o cora√ß√£o de quem o adotar de muito amor"".

Contato: Zety (18)98159-4423
Whatsapp""
with 4 Attachments: https://www.facebook.com/pastoraldosanimais/posts/pfbid02LV7LHvA8uvnzpE3gWZPCi2anyHxWkS7qj6ttD4RpS6RCEqEF7iLfBbBN7sJiQcnhl ",https://www.facebook.com/pastoraldosanimais/posts/pfbid02LV7LHvA8uvnzpE3gWZPCi2anyHxWkS7qj6ttD4RpS6RCEqEF7iLfBbBN7sJiQcnhl,relacionado,482500815_18271146487251971_3993157644916585179_n.jpg,encontrado
"Pedido de ajuda :

Animais abandonados , aparentemente debilitados .
Precisam de resgate, ado√ß√£o ou lar tempor√°rio. 
Um macho e uma f√™mea 

Est√£o na Drogasil do Lar dos Meninos .

Compartilhem , por favor!

#ajudar√©obicho #adotar√©obicho
with 3 Attachments: https://www.facebook.com/pastoraldosanimais/posts/pfbid0388ULrngsXEVAknyA71kTQJfHqmWLd6JqMDH2BppbyPPx5gM38BtR6BB3GcMfUvdtl ",https://www.facebook.com/pastoraldosanimais/posts/pfbid0388ULrngsXEVAknyA71kTQJfHqmWLd6JqMDH2BppbyPPx5gM38BtR6BB3GcMfUvdtl,relacionado,482096526_18270753640251971_8326830249557161017_n.jpg,encontrado
"Procura -se tutor : 

Essa cachorra est√° no mesmo local desde manh√£ .
Pode estar perdida ou abandonada .

Local : Rua Floris do Prado , bairro Ana Jacinta 

Contato: 18 99679 2615
with a Photo: https://www.facebook.com/photo/?fbid=625772210160608&set=a.140997258638108 ",https://www.facebook.com/pastoraldosanimais/posts/pfbid0FyShznMPp6ruEkf5ycmGWxwnSR8dw7bBiBVdmoML4kEYvj9VuBaUx3jTHW8RNTUcl,relacionado,480956856_18270521200251971_477983167769844221_n.jpg,encontrado
"
with a Facebook Post: https://www.facebook.com/silmara.albiere/posts/pfbid0VqLdPPKKhhKF2tkf8bmutJv1bWvRm6jZUVZAQsPzBCjhQsz87mw9UfFwFZMCLfUSl ",https://www.facebook.com/amigobichoprudente/posts/pfbid096AvTq3Mh62tmXE9URQDtS8ARp5ffvsBw11j6pfBp8DnXa56yuGTv9hm2mCXS3kRl,relacionado,491457303_18368337637121733_4364633065275067658_n.jpg,encontrado
"‚ùåURGENTE!! üÜò 
‚Äúm√£ezinha e 6 beb√™s que pelo jeito est√£o abandonados nessa rua PAQUETA 67 JD Guanabara.
Est√£o pele osso e sarna.
s√£o 6 beb√™s em situa√ß√£o crueldade do abandono desde j√° agrade√ßo postar e a √∫nica sorte deles.desde j√° gratid√£o‚Äù
@ludoneda
with 2 Attachments: https://www.facebook.com/amigobichoprudente/posts/pfbid02EdFNST4bfmL4ZFMekuGQTrNjptrerXDM3J7SVzpoDKmhvtBTWQzhgUoWhmpvtM7Dl ",https://www.facebook.com/amigobichoprudente/posts/pfbid02EdFNST4bfmL4ZFMekuGQTrNjptrerXDM3J7SVzpoDKmhvtBTWQzhgUoWhmpvtM7Dl,relacionado,490901478_17917206690093990_6638375633945150670_n.jpg,encontrado
"‚ùåquem perdeu?
( sem informa√ß√µes se foi resgatado )
with a Photo: https://www.facebook.com/photo/?fbid=1081812640639317&set=a.556096126544307 Lucas Marques - 1h: @
Cachorro aparentemente perdido nas ruas
do Jardim Maracana, tem coleira, mas sem
identificagao, parece um shitzu, esta
andando na rua maria madalena
mazzucheli caravina, proximo ao mercado
valente 3

",https://www.facebook.com/amigobichoprudente/posts/pfbid0fxEa1kuGbjxkpR6TSENe1puBKY4r84xUtG4e3GiEXe5Xd8NsvL2SMagyzS1TtyAkl,relacionado,491533217_17916977655093990_570484308166962360_n.jpg,encontrado
"‚ùåProcura-se THEO!
Cachorro fugiu pelas redondezas do Parque dos girass√≥is.
‚òéÔ∏è18996260701
with a Photo: https://www.facebook.com/photo/?fbid=1081805223973392&set=a.556096126544307 ",https://www.facebook.com/amigobichoprudente/posts/pfbid0gM4R27eAdLhguXwKvU3jGChQjYvhXGZ4meY69xhMnzXnkwLQQUw5aQrpGHQ8A9Arl,relacionado,491897243_17916976935093990_7953627189916999490_n.jpg,encontrado
"
with a Facebook Post: https://www.facebook.com/pastoraldosanimais/posts/pfbid0U3hWYHiJX4m2NhntUCdjPbgKgcJJ21pRUGYZFthu6dhY1FXn22vFuT2mii2vgPJTl",https://www.facebook.com/amigobichoprudente/posts/pfbid02CftV65eY226fo7CTEgFaBu6h2mDiiyBqAAm5U6tFpwsw1FzYjRuinwXnLgeRnbJhl,relacionado,491453870_18275634253251971_4833270553806299842_n.webp,encontrado
"
with a Facebook Post: https://www.facebook.com/groups/1411413429080945/permalink/3905079863047610/ ",https://www.facebook.com/amigobichoprudente/posts/pfbid0276xJ8ntxq8ksC32RCxN8yci72Rm2n5vndFdptnu3FZspSKWu2Z9ohKevJv5FoZ4ml,relacionado,490405316_1933206740817793_2232199991078828007_n.jpg,encontrado
"Vamos ajudar o Rafael a encontrar um lar especial com muito amor, para acolh√™-lo. 

Hist√≥ria √© triste, mas podemos mudar isso.

COMPARTILHEM MUITO!
with a Photo: https://www.facebook.com/photo/?fbid=9156942094410064&set=gm.9274008949371458&idorvanity=1210458675726566 AAW

meres (| 8) 99605-2995

Oi! Sou o Rafael, mas sou conhecido como um
guerreiro. Fui atropelado e, por conta disso, |
perdi uma patinha. Mesmo assim, continuo
carinhoso e cheio de vontade de vivere amor
pra dar! Estou em recuperagdo e comegando vs
@ aprender a andar com minhas tr√©s

patinhas. Procuro um lar cheio de amor,

paci√©ncia e cuidado para seguir me

recuperando com seguranga.
Que tal ser o final feliz da minha historia?

NG

",https://www.facebook.com/groups/animaisperdidospp/permalink/9274008949371458/,relacionado,492972026_9156942111076729_2062581753074531003_n.jpg,encontrado
"
with a Facebook Post: https://www.facebook.com/adriana.pivotto/posts/pfbid0kZoNkmHJnL8M1oVHdhjCp4Ca9c7d7MN6cceZHRPURHfP9UtPPCxj9EyzpGx2eT5pl ",https://www.facebook.com/groups/animaisperdidospp/permalink/9274201469352206/,relacionado,493225697_9608851445901269_2009453550359235871_n.jpg,encontrado
"Vamos ajudar
with a Facebook Post: https://www.facebook.com/sandra.marangoni.2025/posts/pfbid02TfdzcbdsEbtcp9isrHabaCXEcTkYnieiyu4jykaxSnCLLQc9yFKMom7APf8DAWCul ",https://www.facebook.com/groups/animaisperdidospp/permalink/9261249687314051/,relacionado,492417163_23894945410109744_5476764072746378410_n.jpg,encontrado
"PROCURA-SE
Esse doguinho se chama Beb√™ e encontra-se perdido pr√≥ximo a √°rea do jardim Colina, Jd. Cerejeiras, Jd Cinquenten√°rio, jardim Morumbi e adjac√™ncias. Est√° desaparecido h√° 2 dias. POR FAVOR se alguem o vir ou estiver com ele, entre em contato com a tutora MARIA ANTONIA Antonia Cano que est√° desesperada a procura pelo telefone/whatsapp 18 988031519. POR FAVOR NOS AJUDE A ENCONTRAR O BEB√ä. Desde j√° agradecemos grandemente e que Deus os aben√ßoe
with a Photo: https://www.facebook.com/photo/?fbid=1202425254610200&set=gm.9260061207432899&idorvanity=1210458675726566 ",https://www.facebook.com/groups/animaisperdidospp/permalink/9260061207432899/,relacionado,492417163_23894945410109744_5476764072746378410_n.jpg,encontrado
"Quem encontrar entrar em contato Matia Antonia 98803-1519/WhatsApp, escapou de casa no Jarim Colina,estou desesperada
with a Photo: https://www.facebook.com/photo/?fbid=9836232939758867&set=gm.9269435029828850&idorvanity=1210458675726566 ",https://www.facebook.com/groups/animaisperdidospp/permalink/9269435029828850/,relacionado,492417163_23894945410109744_5476764072746378410_n.jpg,encontrado
"
with a Facebook Post: https://www.facebook.com/groups/animaisperdidospp/permalink/9253049948134025/ ",https://www.facebook.com/groups/animaisperdidospp/permalink/9263612287077791/,relacionado,492262861_9819846618064166_595208053048392120_n.jpg,encontrado
"
with a Facebook Post: https://www.facebook.com/permalink.php?story_fbid=pfbid0gXytArPq9J7pYJ6PXvSvwTSWFCxbUfAwEwZM8tG6uYBShUoe3YKrd1eMYYXdFcQal&id=100005174972598 ",https://www.facebook.com/groups/animaisperdidospp/permalink/9269419259830427/,relacionado,492633911_2942312032617934_443864147808183491_n.jpg,encontrado
"Esse √© o Sushi e ele est√° dispon√≠vel para ado√ß√£o!
Estamos fazendo uma vaquinha solid√°ria para ajudar com as despesas do resgate. Qualquer quantia √© muito bem-vinda!

Chave PIX:
38758171843
Tatiana Menezes 

Encontramos o Sushi no dia 21/05, em frente a uma conveni√™ncia na Av. Paulo Marcondes. Ele estava sujo, cheio de n√≥s, faminto e exausto.
A princ√≠pio, achamos que ele estivesse perdido e postamos nas redes sociais para encontrar o dono, mas ningu√©m apareceu.

Durante o banho, percebemos um grande tumor abaixo do queixo. Levamos imediatamente √† cl√≠nica, onde o Dr. retirou o tumor e aproveitou para castr√°-lo durante a anestesia. Ele fez um pre√ßo solid√°rio por saber que era um resgate (R$480,00).
Entramos em contato com o Centro de Zoonoses de Presidente Prudente, pois descobrimos que ele tem chip. Informaram apenas o nome dele, ‚ÄúSushi‚Äù, e que a antiga tutora n√£o autorizou repassar seus dados. Mais tarde, disseram que n√£o conseguiram contato com ela.

Pelo estado de sa√∫de e a aus√™ncia de resposta, infelizmente acreditamos que o Sushi tenha sido abandonado.

Ele √© um c√£ozinho muito d√≥cil e carinhoso, aparentemente idoso, e agora precisa de um novo lar ‚Äî e da nossa ajuda para se recuperar.

Qualquer ajuda faz a diferen√ßa. Muito obrigado!
with a Reel: https://www.facebook.com/reel/696706622752242 ",https://www.facebook.com/groups/animaisperdidospp/permalink/9268532769919076/,relacionado,491641222_1150982640322968_4065408885135468687_n.jpg,encontrado
"Que medida necess√°ria n√©, gente? üëèüëè

A Comiss√£o de Via√ß√£o e Transportes (CVT) da C√¢mara dos Deputados aprovou, nessa quarta-feira (23/4), projeto que prev√™ a suspens√£o da carteira nacional de habilita√ß√£o (CNH) para motorista que utilizar ve√≠culo para abandonar animal na rua. A proposta agora segue para an√°lise na Comiss√£o de Constitui√ß√£o e Justi√ßa (CCJ). O texto aprovado re√∫ne quatro projetos de lei e um substitutivo. O texto prev√™ como infra√ß√£o grav√≠ssima utilizar ve√≠culo para abandonar ou auxiliar o abandono de animal na rua. A penalidade √© a suspens√£o do direito de dirigir por 12 meses. Caso o abandono seja de c√£o ou gato, a suspens√£o da CNH ser√° de 18 meses.

Via: @metropoles
üì∏ Imagem gerada com IA para fins ilustrativos
with a Photo: https://www.facebook.com/photo/?fbid=10226605120289881&set=gm.9271032443002442&idorvanity=1210458675726566 ",https://www.facebook.com/groups/animaisperdidospp/permalink/9271032443002442/,relacionado,492417163_23894945410109744_5476764072746378410_n.jpg,encontrado
"Cachorro perdido/abandonado no Pq S√£o Lucas / S√£o Matheus
Preto, ra√ßa labrador ( filhote), deve ter uns 6 meses.
Vive entre as ruas Jos√© Alfaro e Carmella vernilo
Tentei deixar ele em casa pra cuidar at√© achar um lar, por√©m como o quintal eh pequeno e fechado, ele chora mto. Estou alimentando conforme posso.
Caso algu√©m se interesse, entrar em contato
with 3 Attachments: https://www.facebook.com/media/set/?set=pcb.9257079301064423&type=1 ",https://www.facebook.com/groups/animaisperdidospp/permalink/9257079301064423/,relacionado,492417163_23894945410109744_5476764072746378410_n.jpg,encontrado
"
with a Facebook Post: https://www.facebook.com/groups/1509295342654810/permalink/4089280917989560/ 4 WO 4 15:40

¬´ 7 Cachorros perdidos Presi.. Q see
> Curtir QQ) comentar (¬© Enviar > Compartilhar

Elida Maria Guilherme Jos√©
5h: @

Cachorro perdido no condominio Porto Bello

¬© Vane Tarelli 4 comentarios 19 compartilhamentos

",https://www.facebook.com/groups/animaisperdidospp/permalink/9256899991082354/,relacionado,492198046_2365137813872570_6420122014063761945_n.jpg,encontrado
"Pretinho continua por aqui e agora , trouxe amiguinhos.
with a Photo: https://www.facebook.com/photo/?fbid=28954939144149690&set=gm.9270593433046343&idorvanity=1210458675726566 ",https://www.facebook.com/groups/animaisperdidospp/permalink/9270593433046343/,relacionado,492813528_28954939147483023_4636402562060327637_n.jpg,encontrado
"CASO DE VIDA OU MORTE!!!!

Socorro, essa cachorrinha est√° com piometra em estado GRAV√çSSIMO, entre a vida e a morte, se ela n√£o operar nas pr√≥ximas horas, n√£o ter√° mais chances de viver. Ela est√° h√° 5 dias sem comer NADA.
Os ocostos deveria estar em 17.000, o dela est√° mais de 130.000, o vet disse que poucas vezes viu um n√∫mero desse, ela j√° teve 7 crias, infelizmente. 
Est√° com cistite, com problema no f√≠gado e basso muito grande.

Socorrro!!!!! Ajudem compartilhando precisamos de 1.000,00 para custear a cirurgia dela, ela corre risco de vida, est√° com infec√ß√£o generalizada. 

Qualquer valor ajuda, por favor, ajudem a salvar essa vida inocente e dermos uma nova hist√≥ria para a Safira. 

Quem quiser ajudar direto na cl√≠nica me chama no direct por favor. Ou pelo pix que √© o meu contato.

18996761346
with 2 Attachments: https://www.facebook.com/media/set/?set=pcb.9256516157787404&type=1 ",https://www.facebook.com/groups/animaisperdidospp/permalink/9256516157787404/,relacionado,492898349_8952830321483717_5634022156740533472_n.jpg,encontrado
"
with a Facebook Post: https://www.facebook.com/pastoraldosanimais/posts/pfbid0Wp27w3JZCmMFWAPToeyYyTJcBCjGFzbwdDiemzpx9V2J9UptTt5ZoJ5zN4ZkXgoYl | Jardim Estoril, macho,
porte pequeno.

Se algu√©m conhecer o

dono ou quiser adotar.
(18) 998166345

",https://www.facebook.com/groups/animaisperdidospp/permalink/9257086011063752/,relacionado,491415332_18276335998251971_1219301300593242664_n.jpg,encontrado
"
with a Facebook Post: https://www.facebook.com/sosanimais.pirapo.1/posts/pfbid0TPhGCELw84nU2AzDYjmZ9SGEeLw8iQy3sTrjK3EH9Ub5nejhn1zGJUrmcBdFy7Fdl ",https://www.facebook.com/groups/833864336729782/permalink/9636100659839395/,relacionado,492329437_1207967687858374_2243786171701960554_n.jpg,encontrado
"
with a Facebook Post: https://www.facebook.com/anjosdequatro.patas.1/posts/pfbid0sfrG5RtyXC7Z9mkZdzCXKucbiac2AtedoSh2Fyo8QFaskSWKmr7zieKVa1cQ6sqRl ",https://www.facebook.com/groups/833864336729782/permalink/9623747614408033/,relacionado,492417163_23894945410109744_5476764072746378410_n.jpg,encontrado
"
with a Facebook Post: https://www.facebook.com/groups/animaisperdidospp/permalink/9260793147359705/ ",https://www.facebook.com/groups/833864336729782/permalink/9624789064303888/,relacionado,492365650_9144002165704057_6231294227174273643_n.jpg,encontrado
"Vamos ajudar a encontrar
with a Facebook Post: https://www.facebook.com/amigobichoprudente/posts/1055594606594454 ",https://www.facebook.com/groups/833864336729782/permalink/9631408576975270/,relacionado,492417163_23894945410109744_5476764072746378410_n.jpg,encontrado
"
with a Facebook Post: https://www.facebook.com/luciane.ester/posts/pfbid0jhTKHLMCoaPrR9nLq58JCbfSWTwFhhVEuohptQhpw7PmWeEGsrPHLBgDfvi3i1Wnl ",https://www.facebook.com/groups/833864336729782/permalink/9610665515716243/,relacionado,492329437_1207967687858374_2243786171701960554_n.jpg,encontrado
"Vamos ajudar a encontrar tutor
with a Facebook Post: https://www.facebook.com/groups/animaisperdidospp/permalink/9247493592022994/ ",https://www.facebook.com/groups/833864336729782/permalink/9629991893783605/,relacionado,492329437_1207967687858374_2243786171701960554_n.jpg,encontrado
"
with a Facebook Post: https://www.facebook.com/groups/animaisperdidospp/permalink/9258012574304429/ ",https://www.facebook.com/groups/833864336729782/permalink/9628868317229296/,relacionado,492525839_9892684734128608_9007428063184085706_n.jpg,encontrado
"Esse gatinho nasceu no telhado do meu vizinho, estou colocando para doa√ß√£o pois ele vai fechar onde eles ficam, √© rajadinha peluda. E outro rajado com o peito e patinhas brancas.
with 2 Attachments: https://www.facebook.com/media/set/?set=pcb.9630404740408987&type=1 ",https://www.facebook.com/groups/833864336729782/permalink/9630404740408987/,relacionado,492329437_1207967687858374_2243786171701960554_n.jpg,encontrado
"Vamos ajudar üôèüèª
with a Facebook Post: https://www.facebook.com/groups/789836304460978/permalink/9692195004225019/ sags

",https://www.facebook.com/groups/833864336729782/permalink/9630286257087502/,relacionado,493854299_4338814299679195_7273898303865530184_n.jpg,encontrado
"
with a Facebook Post: https://www.facebook.com/groups/1482382102037212/permalink/4162354410706621/ ",https://www.facebook.com/groups/833864336729782/permalink/9628861340563327/,relacionado,492417163_23894945410109744_5476764072746378410_n.jpg,encontrado
"
with a Facebook Post: https://www.facebook.com/groups/animaisperdidospp/permalink/9267642253341461/ ",https://www.facebook.com/groups/833864336729782/permalink/9629085140540947/,relacionado,492329437_1207967687858374_2243786171701960554_n.jpg,encontrado
"A Suzi ainda est√° desaparecida!! N√£o vamos perder a esperan√ßa!üôèüíî
Gatinha branca desaparecida no Jardim Vista Bonita (Res. Jos√© Rena), muito d√≥cil, se algu√©m encontrou ou pegou por favor devolver, √© a gatinha da nossa fam√≠lia. Atende por Suzi

(18)99738-7283 Millena
with 4 Attachments: https://www.facebook.com/media/set/?set=pcb.9628577027258425&type=1 ",https://www.facebook.com/groups/833864336729782/permalink/9628577027258425/,relacionado,492329437_1207967687858374_2243786171701960554_n.jpg,encontrado
"
with a Facebook Post: https://www.facebook.com/kavanessaroman/posts/pfbid02USxgUhrLWLWx2W65kvUoz2ZTYE9SLUkfqJ1TUhh58FnGWwUkNnD9PNXjzQ52rYasl ",https://www.facebook.com/groups/833864336729782/permalink/9625096734273121/,relacionado,492329437_1207967687858374_2243786171701960554_n.jpg,encontrado
"ALG√öEM AJUDE. FA√áAM UM GRUPO BOM. CHAMEM A POLICIA. ALGU√âM ADOTE. TENHAM MISERICORDIA. √â CRIATURA DE DEUS. DAQUI UNS DIAS FAZ FRIO. PELO AMOR DE DEUS. ALGUM PROTETOR.
with a Facebook Post: https://www.facebook.com/groups/833864336729782/permalink/9630012280448233/ ",https://www.facebook.com/groups/833864336729782/permalink/9631094610340000/,relacionado,492329437_1207967687858374_2243786171701960554_n.jpg,encontrado
"
with a Facebook Post: https://www.facebook.com/groups/833864336729782/permalink/9628416893941105/ ",https://www.facebook.com/groups/833864336729782/permalink/9628574667258661/,relacionado,492329437_1207967687858374_2243786171701960554_n.jpg,encontrado
"
with a Facebook Post: https://www.facebook.com/groups/animaisperdidospp/permalink/9261238623981824/ ",https://www.facebook.com/groups/833864336729782/permalink/9624758427640285/,relacionado,492417163_23894945410109744_5476764072746378410_n.jpg,encontrado
"Vamos ajudar a encontrar
with a Facebook Post: https://www.facebook.com/groups/1411413429080945/permalink/3912484408973822/ ",https://www.facebook.com/groups/833864336729782/permalink/9624561990993262/,relacionado,492365650_9144002165704057_6231294227174273643_n.jpg,encontrado
"
with a Facebook Post: https://www.facebook.com/sandra.marangoni.2025/posts/pfbid02TfdzcbdsEbtcp9isrHabaCXEcTkYnieiyu4jykaxSnCLLQc9yFKMom7APf8DAWCul ",https://www.facebook.com/groups/833864336729782/permalink/9624559887660139/,relacionado,492329437_1207967687858374_2243786171701960554_n.jpg,encontrado
"Vamos ajudar a encontrar tutor
with a Facebook Post: https://www.facebook.com/groups/833864336729782/permalink/9623715487744579/ ",https://www.facebook.com/groups/833864336729782/permalink/9624521644330630/,relacionado,493277943_23894936383443980_7633321007150720101_n.jpg,encontrado
"
with a Facebook Post: https://www.facebook.com/groups/animaisperdidospp/permalink/9240417966063890/ ",https://www.facebook.com/amigobichoprudente/posts/pfbid02AozLK5cJdS5gRLQiRL4Aie5pts68scEXinsMdfJ6wRzCk9dTm7n8dC4SVTvWkdZul,relacionado,493226004_3557557777883264_8712881443130712086_n.jpg,encontrado
"
with a Facebook Post: https://www.facebook.com/luciane.ester/posts/pfbid0jhTKHLMCoaPrR9nLq58JCbfSWTwFhhVEuohptQhpw7PmWeEGsrPHLBgDfvi3i1Wnl ",https://www.facebook.com/amigobichoprudente/posts/pfbid02nvK2MeAKyNueq6p7SjFBPYnYmES5hQXJS3M7vASAv1XeHT94mR8w4Kfo9VfqQu4Ql,relacionado,491998343_1263795072131710_7023396997504435992_n.jpg,encontrado
"‚ùåQuem perdeu esse menino??
Encontrado no Jd das Rosas. 
Contato: (11) 94830-0680
with a Photo: https://www.facebook.com/photo/?fbid=1086245820195999&set=a.556096126544307 ",https://www.facebook.com/amigobichoprudente/posts/pfbid02XimVnwae1f7nhLX4YGTwJAkiFRvgQuobEwAVCZUHo7PNZqDbKEveG9w4BunxMGf8l,relacionado,491443571_17917570695093990_2003529194436329911_n.jpg,encontrado
"
with a Facebook Post: https://www.facebook.com/silmara.albiere/posts/pfbid0VfBd6F3at4872JCpDMz1SPX3mfva8b69eoTwfNo9tjb5UJ7tuEdp2bo7wEFnHUwXl ",https://www.facebook.com/amigobichoprudente/posts/pfbid02CTf75rPyiifvoWsvouczbzMPF9kFDzQQPDkdUiutBhVQSU33kmFsyuUE4pgcdJgal,relacionado,491457303_18368337637121733_4364633065275067658_n.jpg,encontrado
"Esse filhote precisa de um dono de ra√ßa e muito amor para superar seus traumas. 
Compartilhe se n√£o puder adotarüíôüíô
with a Facebook Post: https://www.facebook.com/uvzpresprudente/posts/pfbid02pXo638DQf2q6kWdPGzqSPJe5oa6YUbokh1HfypgN2YaefDdqYsHLcoYmqxBRoP5Gl ",https://www.facebook.com/amigobichoprudente/posts/pfbid02xf9Tf5HoLdxAYbpYqeGB12XgmGsAHZFdg2e7DLd4YuSGix6JdSUw4MjVvpo1ywWql,relacionado,491447359_18032304908638254_139948471893653251_n.jpg,encontrado
"Quem perdeu??
with a Facebook Post: https://www.facebook.com/marley.aguilardebrito/posts/pfbid0cVWMrVLc6YYw1TnMK2VGn5w4XgEacujwvrxXEiAmtVXqgButVwfvtSNFsUbHXQXMl ",https://www.facebook.com/amigobichoprudente/posts/pfbid02wbfHhjjaq5EG5QRHuwmfZQv6YiTmek5Lx45a1QTArQBpz2KEbbuToYmqAqD3LqtVl,relacionado,492199375_9270742259703900_9116187409493045439_n.jpg,encontrado
"‚ùåURGENTE!! üÜò 
‚Äúm√£ezinha e 6 beb√™s que pelo jeito est√£o abandonados nessa rua PAQUETA 67 JD Guanabara.
Est√£o pele osso e sarna.
s√£o 6 beb√™s em situa√ß√£o crueldade do abandono desde j√° agrade√ßo postar e a √∫nica sorte deles.desde j√° gratid√£o‚Äù
@ludoneda
with 2 Attachments: https://www.facebook.com/amigobichoprudente/posts/pfbid0B5cBXHSEpMCCjMYjfhdxhkP2YkNcPGt4Lt7XQKQ3YEHr5CcFnUjhiaxHDJfvW9Rol ",https://www.facebook.com/amigobichoprudente/posts/pfbid0B5cBXHSEpMCCjMYjfhdxhkP2YkNcPGt4Lt7XQKQ3YEHr5CcFnUjhiaxHDJfvW9Rol,relacionado,490901478_17917206690093990_6638375633945150670_n.jpg,encontrado
"
with a Facebook Post: https://www.facebook.com/jucaskiter/posts/pfbid02BBirveSZDVBcjRuQESHaYuzsC2ytpE4bMx22aMxn9j8TmpqUvvfwBdi2NCoRVyzKl ",https://www.facebook.com/amigobichoprudente/posts/pfbid0mGKMmxHhD38aCqt72aJd44LYRy2dpnDMELgaRtWr3qV6g9szRkntpXk2y7w9kG4cl,relacionado,491684592_3437870823011492_8836072655854072124_n.jpg,encontrado
"‚ùåquem perdeu?
( sem informa√ß√µes se foi resgatado )
with a Photo: https://www.facebook.com/photo/?fbid=1081812640639317&set=a.556096126544307 Lucas Marques - 1h: @
Cachorro aparentemente perdido nas ruas
do Jardim Maracana, tem coleira, mas sem
identificagao, parece um shitzu, esta
andando na rua maria madalena
mazzucheli caravina, proximo ao mercado
valente 3

",https://www.facebook.com/amigobichoprudente/posts/pfbid02jKikdnFtdNvJrHZZ4h2B69Wy7UD261aFFckELPYAfEVUYWg6MSdX1QhrvSL1wvLYl,relacionado,491533217_17916977655093990_570484308166962360_n.jpg,encontrado
"‚ùåProcura-se THEO!
Cachorro fugiu pelas redondezas do Parque dos girass√≥is.
‚òéÔ∏è18996260701
with a Photo: https://www.facebook.com/photo/?fbid=1081805223973392&set=a.556096126544307 ",https://www.facebook.com/amigobichoprudente/posts/pfbid02kCW8CnZzUrkASAjhngBSEXFdTAftbAPCRm8sMhNoWFYBWf1w7Niihvvq46bmEqm7l,relacionado,491897243_17916976935093990_7953627189916999490_n.jpg,encontrado
"Esse filhote precisa de um dono de ra√ßa e muito amor para superar seus traumas. 
Compartilhe se n√£o puder adotarüíôüíô
with a Facebook Post: https://www.facebook.com/uvzpresprudente/posts/pfbid0kgMNrTHaofKRBVHx7mH83Dnh9YnoJYGH8urcUqj4XPSomKk3b8BA5XtJMKbriHszl ",https://www.facebook.com/amigobichoprudente/posts/pfbid02xMLwPZzLLZPhhmzn1QLtBXyG9JHTbShtGKx2h2YgqwucWXqvy1YVzX9AYaSG3FzWl,relacionado,491447359_18032304908638254_139948471893653251_n.jpg,encontrado
"Vamos ajudar a encontrar
with a Facebook Post: https://www.facebook.com/pastoraldosanimais/posts/pfbid0Wp27w3JZCmMFWAPToeyYyTJcBCjGFzbwdDiemzpx9V2J9UptTt5ZoJ5zN4ZkXgoYl | Jardim Estoril, macho,
porte pequeno.

Se algu√©m conhecer o

dono ou quiser adotar.
(18) 998166345

",https://www.facebook.com/groups/833864336729782/permalink/9622844014498393/,relacionado,491415332_18276335998251971_1219301300593242664_n.jpg,encontrado
