texto,rotulo
Procura-se tutor,relacionado
Procura-se dono,relacionado
Procura-se cachorro,relacionado
Cadê meu tutor,relacionado
Cadê meu dono,relacionado
Alguém viu ?,relacionado
vc conhece?,relacionado
Alguém conhece?,relacionado
Vc viu este cachorrinho?,relacionado
Vc viu o Thor?,relacionado
Cachorrinho,relacionado
cachorro está perdido,relacionado
Alguém procurando este cachorro?,relacionado
cachorro encontrado hoje de manhã próximo ao bairro,relacionado
cachorro desaparecido ontem a noite,relacionado
cachorro perdido no bairro,relacionado
cachorro sumiu,relacionado
cade o dono,relacionado
encontrar o dono,relacionado
encontrei esse cachorro,relacionado
meu cachorro sumiu,relacionado
desapareceu perto do bairro,relacionado
escapou,relacionado
saiu,relacionado
está perdido,relacionado
Quem perdeu?,relacionado
Meu cachorro fugiu,relacionado
Ajude a encontrar o,relacionado
Sumiu perto da,relacionado
Sumiu no bairro,relacionado
Cão perdido na,relacionado
Cachorrinha escapou do quintal,relacionado
Quem conhecer o tutor,relacionado
Quem conhecer o dono,relacionado
Conhece o tutor?,relacionado
Conhece o dono?,relacionado
Recompensa para quem achar,relacionado
Recompensa,relacionado
Encontrar o tutor,relacionado
Encontrar o dono,relacionado
Quem encontrar entrar em contato,relacionado
Quem encontrar esse cachorro,relacionado
Kd meu tutor?,relacionado
Perdido ou abandonado,relacionado
Recompensa-se,relacionado
Oferecemos recompensa,relacionado
perdida,relacionado
Escapou hoje,relacionado
Fugiu ontem,relacionado
Foi visto,relacionado
Animal perdido,relacionado
Animal encontrado,relacionado
Compartilhando,relacionado
Repassando,relacionado
Vamos ajudar with a,relacionado
Vamos ajudar a encontrar with a,relacionado
Procura -se animal desaparecido.,relacionado
Se alguém ver entrar em contato,relacionado
se alguém encontrar por favor avisa,relacionado
"cachorro perdido perto do Sesc, está com a pata machucada!",relacionado
Cãozinho encontrado na avenida Brasil,relacionado
Abandonado ou perdido?,relacionado
Cachorro abandonado na rua,relacionado
Cachorro apareceu aqui na minha casa,relacionado
Apareceu aqui na rua de casa,relacionado
Cachorro perdido,relacionado
Se alguém conhecer o dono,relacionado
Se alguém conhecer o tutor,relacionado
Procuro dono,relacionado
Procuro tutor,relacionado
Cachorro perdido no condomínio,relacionado
Cão perdido a espera do dono,relacionado
Alguém sabe quem é o dono?,relacionado
Produro o dono desse cachorro,relacionado
Cachorro perdido/abandonado no Jardim Paulista,relacionado
Vamos ajudar a encontrar o tutor,relacionado
Esse cachorro está perdido aqui no residencial,relacionado
Alguém perdeu?,relacionado
Alguém procurando?,relacionado
Essa cachorra foi encontrada no Jardim Santa Helena,relacionado
A procura do dono,relacionado
cachorro aparentemente perdido,relacionado
perdido na vila marcondes,relacionado
só entrego para o dono,relacionado
acabei de encontrar esse cachorro perdido,relacionado
quem perdido,relacionado
ajude a encontrar o dono,relacionado
quem souber do dono,relacionado
estava sozinho na rua,relacionado
perdido no bairro são judas dei abrigo mas não posso ficar,relacionado
perdido na vila maria está na rua,relacionado
Procuro Bob,relacionado
Se perdeu próximo a rua,relacionado
Se alguém encontrar é meu,relacionado
Se alguém achar entrar em contato,relacionado
Max desapareceu essa noite,relacionado
Ainda estou a procura do meu companheiro Toby,relacionado
Thor sumiu desde segunda-feira,relacionado
Recompensa-se,relacionado
Recompensa para quem devolver,relacionado
Dudu desapareceu essa noite,relacionado
Animal fugiu na noite do dia,relacionado
Nos ajude a encontrar o Moti,relacionado
Se alguém achar entrar em contato,relacionado
Quem encontrar entrar em contato,relacionado
"Por favor se alguém os vir, entre em contato",relacionado
Tutora está desesperada,relacionado
Dono está desesperado,relacionado
Atende pelo nome de Lilica,relacionado
Cachorrinha desaparecida,relacionado
Ela se chama Lily,relacionado
Ele se chama Nino,relacionado
Estou procurando meu cachorro,relacionado
Cãozinho desaparecido,relacionado
Continuo procurando a Meg,relacionado
Ainda não encontrei o Bob,relacionado
Fugiu próximo ao parque do povo,relacionado
Sumiu perto da igreja,relacionado
Esse cachorro tem dono,relacionado
Esse cachorro tem tutor,relacionado
esse cachorro tem lar,relacionado
esse cachorro tem casa,relacionado
continua desaparecida,relacionado
fugiram da minha casa,relacionado
Ainda desaparecido,relacionado
sumiram ontem de manhã,relacionado
se alguém encontrar por favor avisa,relacionado
cachorro escapou do quintal,relacionado
fugiram de cada,relacionado
ajude a encontrar o nosso mascote,relacionado
ajude a encontrar a Pipoca,relacionado
procura-se atende por Bolt,relacionado
Fugiu perto do bairro,relacionado
escapou próximo ao mercado,relacionado
por favor devolva,relacionado
procura-se Belinha,relacionado
Vamos ajudar a encontrar o tutor,relacionado
ajuda para encontrar o Bob,relacionado
Procuro esse cachorro,relacionado
Procuro esse dog,relacionado
adotando,nao-relacionado
Estou doando,nao-relacionado
Alguém pode dar lar temporário?,nao-relacionado
Vc pode me adotar?,nao-relacionado
Alguém vendendo,nao-relacionado
Alguém alugando,nao-relacionado
Preciso de ajuda para comprar,nao-relacionado
Gatinho para adoção,nao-relacionado
Ajude a encontrar um lar para,nao-relacionado
Encontrar um lar,nao-relacionado
Adotado,nao-relacionado
Estou doando,nao-relacionado
Tentei encontrar abrigo,nao-relacionado
Preciso de abrigo,nao-relacionado
Pedido de resgate,nao-relacionado
Pedido de lar temporário,nao-relacionado
Preciso de ajuda com resgate,nao-relacionado
Preciso de ração,nao-relacionado
Vendo ração,nao-relacionado
Ração,nao-relacionado
Mais uma castração,nao-relacionado
Obrigada a todos pela ajuda,nao-relacionado
Adoção responsável,nao-relacionado
Gatinhos abandonados,nao-relacionado
Gato abandonado,nao-relacionado
Castrando para diminuir,nao-relacionado
Castrações da turma,nao-relacionado
Castrar é a melhor opção,nao-relacionado
Este é meu gato,nao-relacionado
São muitos para castrar,nao-relacionado
Alguém para adotar?,nao-relacionado
Dono encontrado,nao-relacionado
Tutor encontrado,nao-relacionado
mais uma de rua castrada,nao-relacionado
castrado e adotado,nao-relacionado
quanto mais ajuda mais castração,nao-relacionado
Minha calopsita,nao-relacionado
Denunciem,nao-relacionado
denunciar,nao-relacionado
Golpe,nao-relacionado
Gato,nao-relacionado
gatinho,nao-relacionado
pássaro,nao-relacionado
passarinho,nao-relacionado
coelho,nao-relacionado
tartaruga,nao-relacionado
calopsita,nao-relacionado
promoção,nao-relacionado
bazar,nao-relacionado
rifa,nao-relacionado
pote,nao-relacionado
vacina,nao-relacionado
lar,nao-relacionado
Doaremos,nao-relacionado
Super Dog Power,nao-relacionado
Pix,nao-relacionado
Adoção,nao-relacionado
Doado,nao-relacionado
alguém para adotar,nao-relacionado
adote um cachorro,nao-relacionado
adote um gato,nao-relacionado
"Esse vídeo é de um canal muito famoso, ele mostra coisas absurdas.",nao-relacionado
"Podcast com essa história, revoltante!",nao-relacionado
Tem uma live explicando isso no YouTube.,nao-relacionado
"Realmente foram abandonados o pessoal mudou da casa que era alugada e deixou os dois pra trás entrei contato com abrigo pediram pra eu falar na imobiliária e assim que possível vão ver se são chipados ,enfim muito triste se alguém se interessar por eles são dócil e estão abandonados na rua",nao-relacionado
Could you update me on your progress with the project? #TheTreeLife,nao-relacionado
Já sou castrada,nao-relacionado
Alguém consegue ajudar?,nao-relacionado
preço,nao-relacionado
alerta importante,nao-relacionado
os exames,nao-relacionado
precisa de um lar,nao-relacionado
Foi socorrido,nao-relacionado
Não consigo pagar os custos dos exames,nao-relacionado
Não consigo pagar a cirurgia,nao-relacionado
puder doar qualquer valor,nao-relacionado
pode dar temporário ou adotar,nao-relacionado
adoção urgente,nao-relacionado
lar urgente,nao-relacionado
caso alguém queira adotar,nao-relacionado
caso alguém tenha interesse em adotar,nao-relacionado
maltratado,nao-relacionado
para adoção,nao-relacionado
castração garantida,nao-relacionado
alguém para dar lar temporário,nao-relacionado
alguém para adotar,nao-relacionado
adoção responsável,nao-relacionado
doação responsável,nao-relacionado
cavalo,nao-relacionado
pagar,nao-relacionado
pagamento,nao-relacionado
iguana,nao-relacionado
peixe,nao-relacionado
reel,nao-relacionado
festejar,nao-relacionado
feliz ano novo,nao-relacionado
socorro,nao-relacionado
